NAME,POS,TEAM,AGE,FP
Connor McDavid,C,EDM,29,19.4
Nathan MacKinnon,C,COL,30,18
Leon Draisaitl,"C,LW",EDM,30,18
Brady Tkachuk,"C,LW",OTT,26,17.8
Auston Matthews,C,TOR,28,17.2
Nikita Kucherov,RW,T.B,32,16.4
David Pastrnak,RW,BOS,29,13.3
Mikko Rantanen,"LW,RW",DAL,29,13.3
Cale Makar,D,COL,27,12.6
Kirill Kaprizov,LW,MIN,28,12.5
J.T. Miller,"C,RW",NYR,33,12
Tom Wilson,RW,WSH,32,11.6
Sam Reinhart,"C,RW",FLA,30,11.1
Rasmus Dahlin,D,BUF,25,10.6
William Nylander,"C,RW",TOR,29,10.6
John Tavares,C,TOR,35,10.6
Jack Hughes,"C,LW",N.J,24,10.5
Adrian Kempe,RW,L.A,29,10.4
Jake Guentzel,LW,T.B,31,10.4
Andrei Svechnikov,"LW,RW",CAR,25,10.4
Matt Boldy,"LW,RW",MIN,24,10.4
Evan Bouchard,D,EDM,26,10.2
Artemi Panarin,LW,NYR,34,10.2
Brandon Hagel,"LW,RW",T.B,27,10.2
Jack Eichel,C,VGK,29,10.1
Brayden Point,C,T.B,30,10
Jason Robertson,"LW,RW",DAL,26,10
Matthew Knies,LW,TOR,23,9.7
Sebastian Aho,C,CAR,28,9.7
Mark Scheifele,C,WPG,33,9.7
Filip Forsberg,LW,NSH,31,9.7
Sam Bennett,C,FLA,29,9.4
Martin Necas,RW,COL,27,9.3
Tage Thompson,"C,RW",BUF,28,9.3
Kyle Connor,LW,WPG,29,9.2
Mitch Marner,RW,VGK,28,9.1
Timo Meier,"LW,RW",N.J,29,9.1
Carter Verhaeghe,LW,FLA,30,8.7
Kevin Fiala,LW,L.A,29,8.7
Dylan Guenther,RW,UTA,22,8.6
Vincent Trocheck,C,NYR,32,8.6
Tim Stützle,"C,LW",OTT,24,8.6
Alex Ovechkin,"LW,RW",WSH,40,8.5
Seth Jarvis,"C,LW,RW",CAR,24,8.5
Joel Eriksson Ek,C,MIN,29,8.4
Roope Hintz,C,DAL,29,8.3
Quinn Hughes,D,VAN,26,8.2
Elias Pettersson,"C,LW",VAN,27,8.2
Nico Hischier,C,N.J,27,8.2
Sidney Crosby,C,PIT,38,8.1
Victor Hedman,D,T.B,35,8
Nikolaj Ehlers,"LW,RW",CAR,30,8
Jesper Bratt,"LW,RW",N.J,27,7.9
Moritz Seider,D,DET,24,7.8
Adam Fox,D,NYR,28,7.8
Clayton Keller,"LW,RW",UTA,27,7.7
Wyatt Johnston,"C,RW",DAL,22,7.6
Nick Suzuki,C,MTL,26,7.4
Will Cuylle,"LW,RW",NYR,24,7.4
Mackenzie Weegar,D,CGY,32,7.3
Josh Morrissey,D,WPG,31,7.1
Alex Tuch,RW,BUF,29,7.1
Logan Cooley,C,UTA,21,7.1
Dylan Cozens,C,OTT,25,7.1
Drake Batherson,"LW,RW",OTT,27,7.1
Zach Hyman,"LW,RW",EDM,33,7
Nazem Kadri,C,CGY,35,6.9
Travis Konecny,"LW,RW",PHI,29,6.9
Thomas Harley,D,DAL,24,6.8
Dylan Larkin,C,DET,29,6.8
Pierre-Luc Dubois,"C,LW",WSH,27,6.7
Connor Hellebuyck,G,WPG,32,6.6
Ryan Nugent-Hopkins,"C,LW",EDM,32,6.6
Zach Werenski,D,CBJ,28,6.5
Brad Marchand,LW,FLA,37,6.4
Tomas Hertl,"C,LW",VGK,32,6.1
Quinton Byfield,"C,LW",L.A,23,6
Steven Stamkos,"C,LW,RW",NSH,36,5.7
Alex Debrincat,"LW,RW",DET,28,5.7
Dylan Strome,C,WSH,29,5.6
Dylan Holloway,"LW,RW",STL,24,5.6
Mathew Barzal,"C,RW",NYI,28,5.5
Kiefer Sherwood,"C,LW",VAN,30,5.5
Andrei Vasilevskiy,G,T.B,31,5.4
Connor Bedard,"C,RW",CHI,20,5.4
Macklin Celebrini,C,S.J,19,5.4
Bo Horvat,C,NYI,30,5.4
Kirill Marchenko,RW,CBJ,25,5.3
Lucas Raymond,RW,DET,23,5.3
Cole Caufield,"LW,RW",MTL,25,5.2
Anders Lee,LW,NYI,35,5.2
Darnell Nurse,D,EDM,31,5.1
Roman Josi,D,NSH,35,5
Alexis Lafrenière,"LW,RW",NYR,24,5
Mikhail Sergachev,D,UTA,27,4.9
Aaron Ekblad,D,FLA,30,4.8
Juraj Slafkovsky,"LW,RW",MTL,21,4.8
Mika Zibanejad,"C,RW",NYR,32,4.7
Robert Thomas,C,STL,26,4.7
Frank Vatrano,"C,LW",ANA,32,4.7
Anthony Stolarz,G,TOR,31,4.6
Jordan Kyrou,RW,STL,27,4.6
Rickard Rakell,"C,LW,RW",PIT,32,4.6
Jake Sanderson,D,OTT,23,4.5
Jakob Chychrun,D,WSH,27,4.5
Seth Jones,D,FLA,31,4.5
Brock Boeser,RW,VAN,29,4.5
Gabriel Vilardi,"C,RW",WPG,26,4.5
Morgan Geekie,C,BOS,27,4.5
Lane Hutson,D,MTL,22,4.3
Jonathan Marchessault,RW,NSH,35,4.3
Matvei Michkov,RW,PHI,21,4.2
Brock Nelson,C,COL,34,4.2
Charlie McAvoy,D,BOS,28,4.1
Dougie Hamilton,D,N.J,32,4
Neal Pionk,D,WPG,30,3.8
Nikita Zadorov,D,BOS,30,3.8
Radko Gudas,D,ANA,35,3.7
Jake Debrusk,"LW,RW",VAN,29,3.7
Matthew Tkachuk,"LW,RW",FLA,28,3.7
Anthony Cirelli,C,T.B,28,3.6
Pavel Dorofeyev,RW,VGK,25,3.5
Bryan Rust,RW,PIT,33,3.5
Cole Perfetti,"C,LW,RW",WPG,24,3.5
Adin Hill,G,VGK,29,3.4
Mason McTavish,C,ANA,23,3.4
Jake Oettinger,G,DAL,26,3.3
Blake Coleman,"C,LW,RW",CGY,34,3.3
Matt Duchene,"C,RW",DAL,35,3.2
Anton Lundell,C,FLA,24,3.2
Brayden Schenn,C,STL,34,3.2
Chris Kreider,LW,ANA,34,3.2
Igor Shesterkin,G,NYR,29,3.1
Marcus Foligno,LW,MIN,34,3.1
Ross Colton,"C,LW",COL,29,3.1
Jj Peterka,"LW,RW",UTA,24,3.1
Jonathan Huberdeau,"C,LW",CGY,32,3.1
Shea Theodore,D,VGK,30,3
Linus Ullmark,G,OTT,32,3
MacKenzie Blackwood,G,COL,28,3
Conor Garland,RW,VAN,30,3
Valeri Nichushkin,"LW,RW",COL,31,3
Brandon Montour,D,SEA,31,2.9
Jake Walman,D,EDM,30,2.9
Sergei Bobrovsky,G,FLA,36,2.9
Noah Dobson,D,MTL,26,2.8
Darcy Kuemper,G,L.A,35,2.8
Gabriel Landeskog,LW,COL,33,2.8
Trent Frederic,C,EDM,28,2.8
Jeremy Lauzon,D,VGK,28,2.7
Shayne Gostisbehere,D,CAR,32,2.7
Miro Heiskanen,D,DAL,26,2.7
Filip Gustavsson,G,MIN,27,2.7
Mark Stone,RW,VGK,33,2.7
Pavel Buchnevich,"C,LW,RW",STL,30,2.6
Morgan Rielly,D,TOR,32,2.5
Brandt Clarke,D,L.A,23,2.5
Ridly Greig,"C,RW",OTT,23,2.5
Sean Monahan,C,CBJ,31,2.5
Jack McBain,"C,LW",UTA,26,2.5
Jake McCabe,D,TOR,32,2.4
Devon Toews,D,COL,32,2.4
Gustav Forsling,D,FLA,29,2.4
Jared McCann,"C,LW",SEA,29,2.4
Elias Lindholm,C,BOS,31,2.4
Artturi Lehkonen,"LW,RW",COL,30,2.4
Jason Zucker,LW,BUF,34,2.4
Owen Tippett,"LW,RW",PHI,27,2.4
Anze Kopitar,C,L.A,38,2.3
Tyler Toffoli,"LW,RW",S.J,33,2.3
Dmitri Voronkov,LW,CBJ,25,2.3
John Carlson,D,WSH,36,2.2
Zeev Buium,D,MIN,20,2.2
Ivan Barbashev,LW,VGK,30,2.2
Noah Hanifin,D,VGK,29,2.1
Evgeni Malkin,"C,LW",PIT,39,2.1
Cutter Gauthier,LW,ANA,22,2.1
Stefan Noesen,LW,N.J,33,2.1
Connor McMichael,LW,WSH,25,2.1
Thomas Chabot,D,OTT,29,2
Mathieu Olivier,RW,CBJ,29,2
Adam Fantilli,C,CBJ,21,2
Evander Kane,LW,VAN,34,2
Stuart Skinner,G,EDM,26,1.9
Marco Kasper,"C,LW",DET,21,1.9
Vince Dunn,D,SEA,29,1.8
Brayden McNabb,D,VGK,35,1.8
Kris Letang,D,PIT,38,1.8
Ivan Demidov,RW,MTL,20,1.8
Nino Niederreiter,LW,WPG,33,1.8
Jackson Lacombe,D,ANA,25,1.7
Marco Rossi,C,MIN,24,1.7
Rasmus Andersson,D,CGY,29,1.6
Frederik Andersen,G,CAR,35,1.6
Joseph Woll,G,TOR,27,1.6
Michael Bunting,LW,NSH,30,1.6
Ryan Donato,"LW,RW",CHI,29,1.6
Filip Hronek,D,VAN,28,1.5
Warren Foegele,RW,L.A,29,1.5
Ryan O'Reilly,C,NSH,35,1.5
Mattias Ekholm,D,EDM,35,1.4
Ilya Sorokin,G,NYI,30,1.4
Pyotr Kochetkov,G,CAR,26,1.4
Patrick Kane,RW,DET,37,1.4
Mason Marchment,LW,SEA,30,1.4
Drew Doughty,D,L.A,36,1.3
Jet Greaves,G,CBJ,24,1.3
Ryan Hartman,"C,RW",MIN,31,1.3
Bobby McMann,LW,TOR,29,1.3
Josh Norris,C,BUF,26,1.3
Jake Neighbours,"LW,RW",STL,23,1.3
Brenden Dillon,D,N.J,35,1.2
Oliver Ekman-Larsson,D,TOR,34,1.2
Jordan Binnington,G,STL,32,1.2
Alex Laferriere,RW,L.A,24,1.2
Jacob Middleton,D,MIN,30,1.1
Erik Karlsson,D,PIT,35,1.1
Travis Sanheim,D,PHI,29,1.1
Niko Mikkola,D,FLA,29,1.1
Tyler Myers,D,VAN,36,1.1
Jacob Markstrom,G,N.J,35,1.1
Thatcher Demko,G,VAN,29,1.1
Kyle Palmieri,RW,NYI,35,1.1
Leo Carlsson,C,ANA,21,1.1
Boone Jenner,"C,LW",CBJ,32,1.1
Erik Cernak,D,T.B,28,1
Zachary Bolduc,RW,MTL,23,1
K'andre Miller,D,CAR,26,0.9
Tyler Seguin,"C,RW",DAL,34,0.9
Garnet Hathaway,RW,PHI,34,0.9
Michael Kesselring,D,BUF,26,0.8
Luke Schenn,D,WPG,36,0.8
Dylan Demelo,D,WPG,32,0.8
Jacob Trouba,D,ANA,32,0.7
Alex Romanov,D,NYI,26,0.7
Brady Skjei,D,NSH,32,0.7
Logan Thompson,G,WSH,28,0.7
Oliver Bjorkstrand,RW,T.B,30,0.7
William Karlsson,C,VGK,33,0.7
Matty Beniers,C,SEA,23,0.7
Phillip Danault,C,L.A,33,0.7
Mats Zuccarello,RW,MIN,38,0.6
Evan Rodrigues,"C,LW,RW",FLA,32,0.6
Josh Manson,D,COL,34,0.5
Fabian Zetterlund,RW,OTT,26,0.5
Tanner Jeannot,"LW,RW",BOS,28,0.5
Mikael Granlund,"C,LW,RW",ANA,34,0.5
Kaiden Guhle,D,MTL,24,0.4
Joey Daccord,G,SEA,29,0.4
Leevi Merilainen,G,OTT,23,0.4
Ryan Leonard,RW,WSH,21,0.4
William Eklund,LW,S.J,23,0.4
Zach Benson,LW,BUF,20,0.4
Luke Hughes,D,N.J,22,0.3
Dustin Wolf,G,CGY,24,0.3
Joel Hofer,G,STL,25,0.3
Akira Schmid,G,VGK,25,0.3
Scott Wedgewood,G,COL,33,0.3
Brandon Duhaime,RW,WSH,28,0.3
Jackson Blake,RW,CAR,22,0.3
Dakota Joshua,"C,LW",TOR,29,0.3
Tyson Foerster,"LW,RW",PHI,24,0.3
Braden Schneider,D,NYR,24,0.2
Logan Mailloux,D,STL,22,0.2
Brock Faber,D,MIN,23,0.2
Karel Vejmelka,G,UTA,29,0.2
Casey DeSmith,G,DAL,34,0.2
Jiri Kulich,C,BUF,21,0.2
Trevor Moore,"LW,RW",L.A,30,0.2
Esa Lindell,D,DAL,31,0.1
Sam Montembeault,G,MTL,28,0.1
Nicolas Roy,"C,RW",TOR,29,0.1
Keegan Kolesar,RW,VGK,28,0.1
Josh Anderson,RW,MTL,31,0.1
Will Smith,"C,RW",S.J,20,0.1
Lawson Crouse,"LW,RW",UTA,28,0.1
Max Domi,"C,LW",TOR,31,0.1
Jeremy Swayman,G,BOS,26,0
Cam Talbot,G,DET,38,0
Troy Terry,RW,ANA,28,0
Logan Stankoven,"C,RW",CAR,23,0
Mark Kastelic,"C,RW",BOS,27,0
Eetu Luostarinen,LW,FLA,27,0
Claude Giroux,"LW,RW",OTT,38,0
Marcus Pettersson,D,VAN,29,-0.1
Charlie Lindgren,G,WSH,31,-0.1
Aliaksei Protas,RW,WSH,25,-0.1
Frank Nazar,C,CHI,22,-0.1
Eeli Tolvanen,"LW,RW",SEA,26,-0.1
Vladislav Namestnikov,"C,LW",WPG,33,-0.1
Colton Parayko,D,STL,32,-0.2
Sean Walker,D,CAR,31,-0.2
Sean Durzi,D,UTA,27,-0.2
Matt Coronato,RW,CGY,23,-0.2
Shane Pinto,C,OTT,25,-0.2
Dmitry Orlov,D,S.J,34,-0.3
Jalen Chatfield,D,CAR,29,-0.3
Simon Edvinsson,D,DET,23,-0.3
Matt Roy,D,WSH,31,-0.3
Nick Seeler,D,PHI,32,-0.3
Juuse Saros,G,NSH,30,-0.3
Jake Allen,G,N.J,35,-0.3
Pavel Zacha,"C,LW",BOS,28,-0.3
Jordan Staal,C,CAR,37,-0.3
Kent Johnson,"C,LW,RW",CBJ,23,-0.3
Dylan Samberg,D,WPG,27,-0.4
Alexander Nikishin,D,CAR,24,-0.4
Cam Fowler,D,STL,34,-0.4
Dante Fabbro,D,CBJ,27,-0.4
Shane Wright,C,SEA,22,-0.4
Sean Couturier,C,PHI,33,-0.4
Scott Laughton,"C,LW",TOR,31,-0.4
Ian Cole,D,UTA,37,-0.5
Bowen Byram,D,BUF,24,-0.5
Eric Comrie,G,WPG,30,-0.5
Brendan Gallagher,RW,MTL,33,-0.5
Dawson Mercer,"C,RW",N.J,24,-0.5
Yanni Gourde,C,T.B,34,-0.5
Andrew Mangiapane,"LW,RW",EDM,29,-0.5
Barrett Hayton,C,UTA,25,-0.5
Tyler Bertuzzi,"LW,RW",CHI,31,-0.5
William Borgen,D,NYR,29,-0.6
Alex Lyon,G,BUF,32,-0.6
Mackie Samoskevich,RW,FLA,23,-0.6
Nick Schmaltz,"C,RW",UTA,30,-0.6
Jordan Martinook,LW,CAR,33,-0.6
Simon Benoit,D,TOR,27,-0.7
Daniil Tarasov (G),G,FLA,26,-0.7
Mikael Backlund,C,CGY,37,-0.7
Mikey Anderson,D,L.A,26,-0.8
Kevin Lankinen,G,VAN,30,-0.8
Jimmy Snuggerud,RW,STL,21,-0.8
Jesperi Kotkaniemi,C,CAR,25,-0.8
Nic Dowd,C,WSH,35,-0.8
Vladislav Gavrikov,D,NYR,30,-0.9
Brandon Carlo,D,TOR,29,-0.9
Jaccob Slavin,D,CAR,31,-0.9
Ben Chiarot,D,DET,34,-0.9
Anton Forsberg,G,L.A,32,-0.9
Adam Henrique,"C,LW",EDM,36,-0.9
Justin Faulk,D,STL,34,-1
Ryan McDonagh,D,T.B,36,-1
Owen Power,D,BUF,23,-1
Connor Murphy,D,CHI,33,-1
Ukko-Pekka Luukkonen,G,BUF,26,-1
Andrei Kuzmenko,"LW,RW",L.A,30,-1
Jaden Schwartz,"C,LW",SEA,33,-1
Adam Larsson,D,SEA,33,-1.1
Jean-Gabriel Pageau,"C,RW",NYI,33,-1.1
Gabriel Perreault,RW,NYR,19,-1.1
Filip Chytil,C,VAN,26,-1.1
Trevor Zegras,C,PHI,25,-1.1
Adam Lowry,C,WPG,33,-1.1
Hampus Lindholm,D,BOS,32,-1.2
John Gibson,G,DET,32,-1.2
Teuvo Teravainen,"LW,RW",CHI,31,-1.2
Jonathan Drouin,"LW,RW",NYI,31,-1.2
Mike Matheson,D,MTL,32,-1.3
Brent Burns,D,COL,40,-1.3
Lukas Dostal,G,ANA,25,-1.3
Yaroslav Askarov,G,S.J,23,-1.3
Sam Carrick,C,NYR,34,-1.3
Vasily Podkolzin,"LW,RW",EDM,24,-1.3
Viktor Arvidsson,"LW,RW",BOS,32,-1.3
Lian Bichsel,D,DAL,21,-1.4
Artem Zub,D,OTT,30,-1.4
Ville Koivunen,RW,PIT,22,-1.4
Jakub Dobes,G,MTL,24,-1.5
David Rittich,G,NYI,33,-1.5
Mavrik Bourque,"C,RW",DAL,24,-1.5
Isaac Howard,LW,EDM,21,-1.5
Brett Howden,"C,LW",VGK,27,-1.5
Jonas Johansson,G,T.B,29,-1.6
Martin Pospisil,"C,RW",CGY,26,-1.6
Morgan Frost,C,CGY,26,-1.6
Nick Foligno,"C,LW",CHI,38,-1.6
Alex Carrier,D,MTL,29,-1.7
Martin Fehervary,D,WSH,26,-1.7
Nils Hoglander,LW,VAN,25,-1.7
Rasmus Sandin,D,WSH,26,-1.8
Spencer Knight,G,CHI,24,-1.8
Reilly Smith,RW,VGK,35,-1.8
Vladimir Tarasenko,"LW,RW",MIN,34,-1.8
Zachary L'Heureux,LW,NSH,22,-1.8
Parker Kelly,"C,LW",COL,26,-1.8
Ryan Strome,C,ANA,32,-1.8
Jonathan Quick,G,NYR,39,-1.9
Tristan Jarry,G,PIT,30,-1.9
Nick Paul,"C,LW",T.B,31,-1.9
William Carrier,LW,CAR,31,-1.9
Chris Tanev,D,TOR,36,-2
Brett Kulak,D,EDM,32,-2
Zach Whitecloud,D,VGK,29,-2
Paul Cotter,LW,N.J,26,-2
Michael Rasmussen,"C,LW",DET,26,-2
Samuel Girard,D,COL,27,-2.1
Jonas Siegenthaler,D,N.J,28,-2.1
Ivan Provorov,D,CBJ,29,-2.1
Kirby Dach,"C,RW",MTL,25,-2.1
Kaapo Kakko,RW,SEA,25,-2.1
Pius Suter,"C,LW",STL,29,-2.1
Connor Zary,"C,LW,RW",CGY,24,-2.1
Taylor Hall,LW,CAR,34,-2.1
Adam Pelech,D,NYI,31,-2.2
Ilya Lyubushkin,D,DAL,31,-2.2
Petr Mrazek,G,ANA,33,-2.2
Yakov Trenin,C,MIN,29,-2.2
Alex Iafallo,"C,LW,RW",WPG,32,-2.2
David Perron,"LW,RW",OTT,37,-2.2
Brett Pesce,D,N.J,31,-2.3
Sam Rinzel,D,CHI,21,-2.3
Dan Vladar,G,PHI,28,-2.3
Vitek Vanecek,G,UTA,28,-2.3
Elvis Merzlikins,G,CBJ,31,-2.3
Gustav Nyquist,"LW,RW",WPG,36,-2.3
Darren Raddysh,D,T.B,30,-2.4
Artyom Levshunov,D,CHI,20,-2.4
Jeff Skinner,LW,S.J,33,-2.4
Tony Deangelo,D,NYI,30,-2.5
Kevin Bahl,D,CGY,25,-2.5
Janis Moser,D,T.B,25,-2.5
Scott Mayfield,D,NYI,33,-2.5
Alexei Toropchenko,RW,STL,26,-2.5
Charlie Coyle,"C,RW",CBJ,34,-2.5
Matias MacCelli,LW,TOR,25,-2.5
Alex Killorn,"C,LW,RW",ANA,36,-2.5
Michael McCarron,C,NSH,31,-2.5
Erik Haula,"C,LW",NSH,35,-2.5
Ryan Pulock,D,NYI,31,-2.6
Jared Spurgeon,D,MIN,36,-2.6
Michael Eyssimont,"C,LW",BOS,29,-2.6
Brandon Tanev,"LW,RW",UTA,34,-2.6
Cole Smith,LW,NSH,30,-2.6
Mario Ferraro,D,S.J,27,-2.7
Jonas Brodin,D,MIN,32,-2.7
Ivan Prosvetov,G,CGY,26,-2.7
Corey Perry,RW,L.A,40,-2.7
Jordan Eberle,RW,SEA,35,-2.7
Patrik Laine,"LW,RW",MTL,27,-2.7
Simon Holmstrom,RW,NYI,24,-2.8
Rutger McGroarty,RW,PIT,21,-2.8
Matthew Savoie,"C,RW",EDM,21,-2.8
Ryan McLeod,C,BUF,26,-2.8
Joel Farabee,"LW,RW",CGY,26,-2.8
Cam York,D,PHI,25,-2.9
Jordan Spence,D,OTT,25,-2.9
Cole Sillinger,"C,RW",CBJ,22,-2.9
Alex Newhook,C,MTL,25,-2.9
Chandler Stephenson,C,SEA,31,-2.9
Jayden Struble,D,MTL,24,-3.1
Philip Broberg,D,STL,24,-3.1
Joel Edmundson,D,L.A,32,-3.1
Evgeny Dadonov,RW,N.J,37,-3.1
Casey Mittelstadt,C,BOS,27,-3.1
Yegor Sharangovich,"C,LW,RW",CGY,27,-3.1
Jordan Greenway,LW,BUF,29,-3.1
Alex Vlasic,D,CHI,24,-3.2
Alex Nedeljkovic,G,S.J,29,-3.2
Anthony Beauvillier,LW,WSH,28,-3.2
Damon Severson,D,CBJ,31,-3.3
Nicolas Hague,D,NSH,27,-3.3
Justus Annunen,G,NSH,25,-3.3
Nicholas Robertson,RW,TOR,24,-3.3
Maxim Tsyplakov,"LW,RW",NYI,27,-3.3
Jamie Oleksiak,D,SEA,33,-3.4
Matt Dumba,D,PIT,31,-3.4
Timothy Liljegren,D,S.J,26,-3.4
Logan Stanley,D,WPG,27,-3.4
Joonas Korpisalo,G,BOS,31,-3.4
Rasmus Ristolainen,D,PHI,31,-3.5
John Klingberg,D,S.J,33,-3.5
Bobby Brink,RW,PHI,24,-3.5
Anthony Mantha,RW,PIT,31,-3.5
Dmitry Kulikov,D,FLA,35,-3.6
Tyler Tucker,D,STL,26,-3.6
Samuel Ersson,G,PHI,25,-3.6
Michael Amadio,RW,OTT,29,-3.6
Jack Quinn,RW,BUF,24,-3.6
Morgan Barron,C,WPG,27,-3.6
Nick Cousins,LW,OTT,32,-3.6
Radek Faksa,C,DAL,32,-3.6
Colton Sissons,"C,LW",VGK,32,-3.6
Pavel Mintyukov,D,ANA,22,-3.7
Casey Cizikas,"C,LW",NYI,35,-3.7
Brayden Pachal,D,CGY,26,-3.8
Luke Evangelista,RW,NSH,24,-3.8
Yegor Chinakhov,"LW,RW",CBJ,25,-3.8
Sean Kuraly,C,BOS,33,-3.8
Mason Lohrei,D,BOS,25,-3.9
Arturs Silovs,G,PIT,24,-3.9
Philipp Grubauer,G,SEA,33,-3.9
Sam Steel,C,DAL,28,-3.9
J.T. Compher,C,DET,30,-3.9
Ondrej Palat,LW,N.J,35,-3.9
Kevin Stenlund,C,UTA,29,-3.9
Barclay Goodrow,C,S.J,33,-3.9
Jake Evans,C,MTL,29,-3.9
Steven Lorentz,"LW,RW",TOR,29,-3.9
Cody Ceci,D,L.A,32,-4
Justin Danforth,RW,BUF,33,-4
Nick Bjugstad,C,STL,33,-4
Alex Kerfoot,"C,LW,RW",UTA,31,-4
Zach Bogosian,D,MIN,35,-4.1
Mattias Samuelsson,D,BUF,26,-4.1
Teddy Blueger,C,VAN,31,-4.1
Jesper Boqvist,C,FLA,27,-4.1
Victor Olofsson,"LW,RW",UFA,30,-4.1
Drew O'Connor,LW,VAN,27,-4.1
Jamie Drysdale,D,PHI,23,-4.2
Kaedan Korczak,D,VGK,25,-4.2
Mathieu Joseph,RW,STL,29,-4.2
Mitchell Chaffee,RW,T.B,28,-4.2
Noah Cates,C,PHI,27,-4.2
Curtis Lazar,C,EDM,31,-4.2
Sam Malinski,D,COL,27,-4.3
Olen Zellweger,D,ANA,22,-4.3
Trevor Van Riemsdyk,D,WSH,34,-4.3
Cody Glass,"C,RW",N.J,26,-4.3
Brandon Saad,LW,VGK,33,-4.3
Miles Wood,LW,CBJ,30,-4.3
Jeff Petry,D,FLA,38,-4.4
Olli Maatta,D,UTA,31,-4.4
Denton Mateychuk,D,CBJ,21,-4.4
Arvid Soderblom,G,CHI,26,-4.4
Jason Dickinson,C,CHI,30,-4.4
Jack Drury,C,COL,26,-4.4
Mark Jankowski,C,CAR,31,-4.4
Jacob Bernard-Docker,D,DET,25,-4.5
Nick Jensen,D,OTT,35,-4.5
Pontus Holmberg,RW,T.B,27,-4.5
Peyton Krebs,C,BUF,25,-4.5
Ryan Lindgren,D,SEA,28,-4.6
Derek Forbort,D,VAN,34,-4.6
Ryker Evans,D,SEA,24,-4.6
Adam Gaudette,"C,RW",S.J,29,-4.6
Josh Doan,RW,BUF,24,-4.6
Thomas Novak,C,PIT,28,-4.6
Ty Emberson,D,EDM,25,-4.7
Kasperi Kapanen,RW,EDM,29,-4.7
Carl Grundstrom,RW,S.J,28,-4.7
Logan O'Connor,RW,COL,29,-4.7
Tanner Pearson,LW,WPG,33,-4.7
James Van Riemsdyk,LW,DET,36,-4.7
Aatu Raty,C,VAN,23,-4.7
Conor Timmins,D,BUF,27,-4.8
Lars Eller,C,OTT,36,-4.8
Christian Dvorak,C,PHI,30,-4.8
Tye Kartye,LW,SEA,24,-4.8
Jamie Benn,"C,LW",DAL,36,-4.8
Arseny Gritsyuk,RW,N.J,23,-4.9
Jonny Brodzinski,C,NYR,32,-4.9
Gage Goncalves,C,T.B,25,-4.9
Nick Blankenburg,D,NSH,27,-5
Drew Helleson,D,ANA,24,-5
Joel Hanley,D,CGY,34,-5
Danton Heinen,LW,PIT,30,-5
Cole Koepke,LW,WPG,27,-5
Connor Dewar,C,PIT,26,-5
Emil Heineman,LW,NYI,24,-5
Andre Burakovsky,LW,CHI,31,-5.1
Anthony Duclair,LW,NYI,30,-5.1
Mattias Janmark,C,EDM,33,-5.1
Erik Gustafsson (D),D,DET,34,-5.2
Joel Armia,RW,L.A,32,-5.2
Mason Appleton,"C,RW",DET,30,-5.2
Henri Jokiharju,D,BOS,26,-5.3
Justin Barron,D,NSH,24,-5.3
John Marino,D,UTA,28,-5.3
Philip Tomasino,"C,RW",PIT,24,-5.3
Alex Wennberg,C,S.J,31,-5.3
Oskar Sundqvist,C,STL,32,-5.3
Ryan Graves,D,PIT,30,-5.4
Andrew Peeke,D,BOS,28,-5.4
Nick Perbix,D,NSH,27,-5.4
Ryan Poehling,C,ANA,27,-5.4
Michael Carcone,LW,UTA,29,-5.4
Nate Schmidt,D,UTA,34,-5.5
Connor Brown,RW,N.J,32,-5.5
Taylor Raddysh,RW,NYR,28,-5.5
Elmer Soderblom,LW,DET,24,-5.5
Colin Blackwell,C,DAL,33,-5.5
Ryan Lomberg,LW,CGY,31,-5.5
Nicolas Deslauriers,LW,PHI,35,-5.5
Zayne Parekh,D,CGY,19,-5.6
Adam Klapka,RW,CGY,25,-5.6
Blake Lizotte,C,PIT,28,-5.6
Fedor Svechkov,C,NSH,22,-5.6
Marcus Johansson,LW,MIN,35,-5.6
Brian Dumoulin,D,L.A,34,-5.7
Nico Sturm,C,MIN,30,-5.7
Alex Turcotte,"C,LW",L.A,25,-5.7
Simon Nemec,D,N.J,22,-5.8
Albert Johansson,D,DET,25,-5.8
Ilya Mikheyev,RW,CHI,31,-5.8
Adam Edstrom,C,NYR,25,-5.8
Ty Dellandrea,C,S.J,25,-5.9
Juuso Parssinen,C,NYR,25,-5.9
David Kampf,C,TOR,31,-6
Calle Jarnkrok,C,TOR,34,-6.1
Urho Vaakanainen,D,NYR,27,-6.2
Justin Brazeau,RW,PIT,28,-6.2
Jakob Pelletier,"LW,RW",T.B,25,-6.2
Parker Wotherspoon,D,PIT,28,-6.4
Pierre Engvall,LW,NYI,29,-6.4
Andrew Copp,"C,LW",DET,31,-6.4
Wyatt Kaiser,D,CHI,23,-6.5
Tyler Kleven,D,OTT,24,-6.7
John Beecher,C,BOS,24,-6.7
Tomas Nosek,LW,FLA,33,-6.7
Jonatan Berggren,RW,DET,25,-6.8
Sam Lafferty,"C,RW",CHI,31,-6.9
Shakir Mukhamadullin,D,S.J,24,-7
Hendrix Lapierre,C,WSH,24,-7
Johnathan Kovacevic,D,N.J,28,-7.1
Egor Zamula,D,PHI,25,-7.1
Justin Holl,D,DET,34,-7.2
Fraser Minten,C,BOS,21,-7.3
Ivan Ivan,C,COL,23,-7.3
Michael Misa,C,S.J,18,-7.4
Frederick Gaudreau,C,SEA,32,-7.4
Liam Ohgren,LW,MIN,22,-7.5
Vladislav Kolyachonok,D,DAL,24,-7.7
Owen Pickering,D,PIT,22,-7.7
Matthew Poitras,C,BOS,22,-7.8
Jake Bean,D,CGY,27,-8
Philipp Kurashev,"C,RW",S.J,26,-8
Isac Lundestrom,C,CBJ,26,-8.1
Collin Graf,RW,S.J,23,-8.3
Isaiah George,D,NYI,22,-8.6
Rodrigo Abols,C,PHI,30,-8.6
Oliver Kapanen,C,MTL,22,-8.6
Landon Slaggert,LW,CHI,23,-8.6
Jake Christiansen,D,CBJ,26,-8.7
Kevin Korchinski,D,CHI,21,-8.8
Nick Leddy,D,S.J,35,-9
Aleksander Barkov,C,FLA,30,-13.4