RANK,NAME,KEEP?,POS,,TEAM,AGE,SALARY,FP,/GP,VORP,/$,ADP,DIFF.,,ADJ,GP,TOI,G,A,PTS,SOG,PPG,PPP,SHG,SHP,BLK,HIT,+/-,PIM,GWG,FOW,FOL,FO%,,GP,W,L,OTL,SO,SV,GA,SV%,GAA
1,Connor McDavid,N,C,1,EDM,29,CA$12.5,19.4,0.2,11.3,0.9,1.2,0.2,,+,79,22.4,40,94,134,272,12,47,0,0,30,74,13,35,7,467,466,50%,,,,,,,,,,
2,Cale Makar,N,D,1,COL,27,CA$9.0,12.6,0.2,10.2,1.1,5.2,3.2,,+,79,25.8,25,65,90,241,9,36,1,2,134,54,9,25,4,0,0,0%,,,,,,,,,,
3,Nathan MacKinnon,N,C,2,COL,30,CA$12.6,18,0.2,9.9,0.8,2.4,-0.6,, ,80,22.7,40,80,120,343,9,37,0,0,60,46,11,35,6,698,773,47%,,,,,,,,,,
4,Leon Draisaitl,N,"C,LW",1,EDM,30,CA$14.0,18,0.2,9.9,0.7,2.7,-1.3,, ,80,21.8,50,64,115,258,20,41,0,0,32,42,12,41,8,775,623,55%,,,,,,,,,,
5,Brady Tkachuk,N,"C,LW",2,OTT,26,CA$8.2,17.8,0.2,9.6,1.2,10,5,,+,80,18.6,35,37,71,331,11,22,0,0,36,243,4,88,6,227,218,51%,,,,,,,,,,
6,Auston Matthews,N,C,5,TOR,28,CA$13.3,17.2,0.2,9,0.7,8.8,2.8,,+,78,21.8,51,50,102,339,14,30,1,2,99,70,9,23,8,786,656,54%,,,,,,,,,,
7,Nikita Kucherov,N,RW,1,T.B,32,CA$9.5,16.4,0.2,8.7,0.9,4.2,-2.8,, ,81,21,38,84,122,275,8,42,0,0,35,37,10,33,6,1,1,62%,,,,,,,,,,
8,Rasmus Dahlin,N,D,2,BUF,25,CA$11.0,10.6,0.1,8.2,0.7,26.3,18.3,,+,80,24.3,18,51,69,219,6,24,0,0,120,116,3,59,3,0,0,0%,,,,,,,,,,
9,Evan Bouchard,N,D,3,EDM,26,CA$10.5,10.2,0.1,7.8,0.7,20.4,11.4,,+,82,23.7,15,58,74,233,5,30,0,0,110,52,12,35,3,0,0,0%,,,,,,,,,,
10,Quinn Hughes,N,D,4,VAN,26,CA$7.9,8.2,0.1,5.8,0.7,12.1,2.1,,+,79,25.6,16,71,87,211,4,34,0,0,82,31,4,34,2,0,0,26%,,,,,,,,,,
11,Victor Hedman,N,D,5,T.B,35,CA$8.0,8,0.1,5.6,0.7,33.6,22.6,, ,80,24.2,13,52,65,184,3,23,0,0,133,58,8,39,2,0,0,0%,,,,,,,,,,
12,David Pastrnak,N,RW,2,BOS,29,CA$11.3,13.3,0.2,5.6,0.5,7.2,-4.8,, ,82,20.1,46,59,105,336,11,27,0,0,26,65,1,40,6,4,8,37%,,,,,,,,,,
13,Moritz Seider,N,D,6,DET,24,CA$8.6,7.8,0.1,5.4,0.6,53.8,40.8,, ,82,25.5,9,40,49,165,3,22,0,1,188,191,-2,47,1,0,0,0%,,,,,,,,,,
14,Adam Fox,N,D,7,NYR,28,CA$9.5,7.8,0.1,5.4,0.6,46.9,32.9,,+,79,24.7,14,59,73,159,3,26,0,1,132,53,6,39,2,0,0,0%,,,,,,,,,,
15,Mikko Rantanen,N,"LW,RW",3,DAL,29,CA$12.0,13.3,0.2,5.1,0.4,10.4,-4.6,,+,82,21,39,56,95,237,11,29,0,0,45,52,7,50,6,163,149,52%,,,,,,,,,,
16,Mackenzie Weegar,N,D,8,CGY,32,CA$6.3,7.3,0.1,4.9,0.8,46.9,30.9,,-,82,23.8,12,35,47,185,3,17,0,2,180,187,-2,44,2,0,1,0%,,,,,,,,,,
17,Josh Morrissey,N,D,9,WPG,31,CA$6.3,7.1,0.1,4.7,0.8,39.4,22.4,, ,81,24.5,13,53,66,181,2,21,0,0,116,67,7,37,2,0,0,0%,,,,,,,,,,
18,Thomas Harley,N,D,10,DAL,24,CA$4.0,6.8,0.1,4.4,1.1,68.6,50.6,,+,81,23.9,16,44,60,182,2,22,0,0,125,52,10,25,3,0,0,0%,,,,,,,,,,
19,Kirill Kaprizov,N,LW,4,MIN,28,CA$9.0,12.5,0.2,4.3,0.5,7.2,-11.8,,+,72,22.5,44,50,94,269,12,30,0,0,36,47,5,36,7,0,4,11%,,,,,,,,,,
20,J.T. Miller,N,"C,RW",4,NYR,33,CA$8.0,12,0.1,4.3,0.5,31.2,11.2,, ,80,18.9,29,53,82,173,7,25,1,3,57,184,3,55,5,677,519,57%,,,,,,,,,,
21,Zach Werenski,N,D,11,CBJ,28,CA$9.6,6.5,0.1,4.1,0.4,21,0,, ,73,27,17,52,69,254,4,20,0,1,127,31,2,30,2,0,0,0%,,,,,,,,,,
22,Connor Hellebuyck,N,G,1,WPG,32,CA$8.5,6.6,0.1,3.9,0.5,9.4,-12.6,, ,,,,,,,,,,,,,,,,,,,,60,35,19,6,6,"1,575",141,0.918,2.34
23,Tom Wilson,N,RW,5,WSH,32,CA$6.5,11.6,0.2,3.9,0.6,105.6,82.6,, ,76,19.2,28,28,56,174,9,16,2,3,67,211,2,85,4,8,18,31%,,,,,,,,,,
24,Sam Reinhart,N,"C,RW",6,FLA,30,CA$8.6,11.1,0.1,3.4,0.4,22.8,-1.2,, ,81,20.3,41,41,82,223,15,27,3,4,62,92,7,25,6,231,288,45%,,,,,,,,,,
25,William Nylander,N,"C,RW",7,TOR,29,CA$11.5,10.6,0.1,2.9,0.3,14.6,-10.4,, ,82,19.6,41,47,88,272,11,29,0,0,29,25,6,29,6,64,72,47%,,,,,,,,,,
26,Darnell Nurse,N,D,12,EDM,31,CA$9.3,5.1,0.1,2.7,0.3,153.9,127.9,, ,81,20.6,8,24,32,170,0,1,1,1,141,149,8,54,1,0,0,0%,,,,,,,,,,
27,Andrei Vasilevskiy,N,G,2,T.B,31,CA$9.5,5.4,0.1,2.7,0.3,16.6,-10.4,, ,,,,,,,,,,,,,,,,,,,,60,37,17,6,5,"1,564",149,0.913,2.49
28,Adrian Kempe,N,RW,8,L.A,29,CA$5.5,10.4,0.1,2.7,0.5,52.4,24.4,, ,81,19.6,35,41,76,249,7,20,1,1,37,104,4,47,5,9,18,35%,,,,,,,,,,
29,Roman Josi,N,D,13,NSH,35,CA$9.1,5,0.1,2.6,0.3,51.6,22.6,, ,70,25.2,16,44,59,212,5,22,0,1,129,55,-2,35,2,0,0,0%,,,,,,,,,,
30,Mikhail Sergachev,N,D,14,UTA,27,CA$8.5,4.9,0.1,2.5,0.3,81.4,51.4,,+,74,24.7,11,45,56,134,3,26,0,0,137,76,0,41,2,0,0,0%,,,,,,,,,,
31,Aaron Ekblad,N,D,15,FLA,30,CA$6.1,4.8,0.1,2.5,0.4,120.7,89.7,, ,76,22.9,8,31,39,159,3,14,0,1,101,116,5,60,1,0,0,0%,,,,,,,,,,
32,John Tavares,N,C,9,TOR,35,CA$4.4,10.6,0.1,2.5,0.6,77.9,45.9,, ,80,18.4,36,40,76,239,12,24,0,0,44,106,6,40,5,820,578,59%,,,,,,,,,,
33,Jack Hughes,N,"C,LW",5,N.J,24,CA$8.0,10.5,0.1,2.3,0.3,17.6,-15.4,,+,75,20.9,35,55,90,299,9,32,1,2,35,17,6,20,6,256,437,37%,,,,,,,,,,
34,Jake Guentzel,N,LW,6,T.B,31,CA$9.0,10.4,0.1,2.2,0.2,32.3,-1.7,, ,79,20,37,43,80,228,11,24,1,1,47,42,9,32,6,115,166,41%,,,,,,,,,,
35,Andrei Svechnikov,N,"LW,RW",7,CAR,25,CA$7.8,10.4,0.1,2.2,0.3,104.4,69.4,,+ +,75,17.6,26,38,65,207,10,23,0,0,27,152,6,61,4,2,4,37%,,,,,,,,,,
36,Matt Boldy,N,"LW,RW",8,MIN,24,CA$7.0,10.4,0.1,2.2,0.3,34,-2,,+,81,20.6,32,46,78,273,8,23,0,0,59,52,3,49,5,60,67,47%,,,,,,,,,,
37,Jake Sanderson,N,D,16,OTT,23,CA$8.1,4.5,0.1,2.2,0.3,63,26,,+,81,25.2,11,42,53,194,4,22,0,2,163,53,1,23,2,0,0,34%,,,,,,,,,,
38,Jakob Chychrun,N,D,17,WSH,27,CA$9.0,4.5,0.1,2.2,0.2,66,28,, ,77,21.5,15,29,45,185,6,16,0,0,109,71,1,47,2,0,0,0%,,,,,,,,,,
39,Seth Jones,N,D,18,FLA,31,CA$7.0,4.5,0.1,2.1,0.3,91,52,,+,76,24.4,12,32,44,174,4,18,0,0,133,99,3,34,2,0,0,0%,,,,,,,,,,
40,Artemi Panarin,N,LW,9,NYR,34,CA$11.6,10.2,0.1,2,0.2,28.1,-11.9,, ,82,19.8,39,57,97,244,9,30,0,0,16,25,4,27,7,1,4,11%,,,,,,,,,,
41,Brandon Hagel,N,"LW,RW",10,T.B,27,CA$6.5,10.2,0.1,2,0.3,56.3,15.3,, ,82,20.8,32,49,81,214,2,10,1,4,56,62,10,52,5,13,25,35%,,,,,,,,,,
42,Anthony Stolarz,N,G,3,TOR,31,CA$2.5,4.6,0.1,1.9,0.8,65.9,23.9,, ,,,,,,,,,,,,,,,,,,,,42,24,14,5,3,"1,115",105,0.914,2.5
43,Jack Eichel,N,C,11,VGK,29,CA$10.0,10.1,0.1,1.9,0.2,15.6,-27.4,, ,77,20.9,32,56,88,258,7,28,1,2,60,33,8,17,5,558,667,46%,,,,,,,,,,
44,Lane Hutson,N,D,19,MTL,22,CA$1.0,4.3,0.1,1.9,2,50.6,6.6,, ,80,23.1,7,58,66,102,2,28,0,0,117,46,3,38,1,0,0,0%,,,,,,,,,,
45,Brayden Point,N,C,12,T.B,30,CA$9.5,10,0.1,1.8,0.2,24.6,-20.4,, ,81,19.5,43,42,86,209,15,29,0,0,45,30,8,14,7,414,447,48%,,,,,,,,,,
46,Jason Robertson,N,"LW,RW",11,DAL,26,CA$7.8,10,0.1,1.8,0.2,34.7,-11.3,, ,82,18,34,49,83,232,10,26,0,0,40,65,9,23,6,2,12,15%,,,,,,,,,,
47,Charlie McAvoy,N,D,20,BOS,28,CA$9.5,4.1,0.1,1.7,0.2,101.4,54.4,, ,74,23.1,10,33,43,133,2,12,0,1,131,127,-1,58,1,0,0,0%,,,,,,,,,,
48,Dougie Hamilton,N,D,21,N.J,32,CA$9.0,4,0.1,1.6,0.2,74.2,26.2,, ,70,19.8,12,34,46,188,6,18,0,0,91,76,4,37,2,0,0,0%,,,,,,,,,,
49,Martin Necas,N,RW,13,COL,27,CA$6.5,9.3,0.1,1.6,0.2,47.9,-1.1,,+,81,18.8,30,51,81,224,12,32,0,0,28,69,6,31,5,70,112,38%,,,,,,,,,,
50,Matthew Knies,N,LW,12,TOR,23,CA$7.8,9.7,0.1,1.6,0.2,86.7,36.7,, ,81,19.7,29,35,64,174,7,20,0,0,44,182,6,51,4,0,1,0%,,,,,,,,,,
51,Sebastian Aho,N,C,13,CAR,28,CA$9.8,9.7,0.1,1.6,0.2,66,15,, ,80,19.8,33,46,78,214,7,24,2,4,29,59,7,43,6,633,539,54%,,,,,,,,,,
52,Tage Thompson,N,"C,RW",14,BUF,28,CA$7.1,9.3,0.1,1.6,0.2,39.3,-12.7,, ,79,18.8,41,35,76,264,10,21,0,0,33,76,2,34,6,337,446,43%,,,,,,,,,,
53,Mark Scheifele,N,C,14,WPG,33,CA$8.5,9.7,0.1,1.5,0.2,60.1,7.1,, ,81,20.6,35,46,81,185,9,22,0,0,54,71,5,40,6,617,651,49%,,,,,,,,,,
54,Filip Forsberg,N,LW,13,NSH,31,CA$8.5,9.7,0.1,1.5,0.2,26.7,-27.3,, ,79,18.7,34,42,77,275,10,25,0,0,47,134,-3,40,5,5,11,30%,,,,,,,,,,
55,Neal Pionk,N,D,22,WPG,30,CA$7.0,3.8,0,1.4,0.2,123.1,68.1,, ,80,22,8,28,36,140,2,8,0,1,123,150,4,47,1,0,0,0%,,,,,,,,,,
56,Nikita Zadorov,N,D,23,BOS,30,CA$5.0,3.8,0,1.4,0.3,173.4,117.4,, ,81,20.7,8,16,23,110,0,0,0,0,110,195,-3,93,1,0,0,0%,,,,,,,,,,
57,Mitch Marner,N,RW,16,VGK,28,CA$12.0,9.1,0.1,1.4,0.1,19.4,-37.6,, ,80,20.8,28,67,95,178,7,29,1,2,44,57,7,23,5,5,21,19%,,,,,,,,,,
58,Radko Gudas,N,D,24,ANA,35,CA$4.0,3.7,0,1.3,0.3,173.3,115.3,, ,79,19.7,4,16,20,97,0,0,0,0,163,226,-3,80,1,0,0,0%,,,,,,,,,,
59,Sam Bennett,N,C,15,FLA,29,CA$8.0,9.4,0.1,1.3,0.2,145.2,86.2,, ,77,17.3,25,29,54,236,6,11,0,0,47,153,6,69,4,463,538,46%,,,,,,,,,,
60,Kyle Connor,N,LW,14,WPG,29,CA$7.1,9.2,0.1,1,0.1,16.3,-43.7,, ,80,20.5,38,47,85,260,7,24,1,1,41,27,4,23,7,2,6,20%,,,,,,,,,,
61,Timo Meier,N,"LW,RW",15,N.J,29,CA$8.8,9.1,0.1,1,0.1,93,32,, ,79,18.2,31,29,60,254,10,17,0,0,58,128,5,40,5,15,26,37%,,,,,,,,,,
62,Dylan Guenther,N,RW,17,UTA,22,CA$7.1,8.6,0.1,0.9,0.1,102,40,,+,78,18.4,33,40,73,243,15,31,0,0,49,68,0,32,5,12,24,32%,,,,,,,,,,
63,Adin Hill,N,G,4,VGK,29,CA$6.3,3.4,0.1,0.8,0.1,58.8,-4.2,, ,,,,,,,,,,,,,,,,,,,,54,32,16,5,4,"1,374",139,0.908,2.57
64,Jake Oettinger,N,G,5,DAL,26,CA$8.3,3.3,0.1,0.7,0.1,17.8,-46.2,, ,,,,,,,,,,,,,,,,,,,,60,36,18,6,4,"1,582",158,0.909,2.64
65,Shea Theodore,N,D,25,VGK,30,CA$7.4,3,0,0.6,0.1,60.6,-4.4,, ,72,22.3,9,50,59,150,3,20,0,0,100,23,6,26,1,0,0,0%,,,,,,,,,,
66,Carter Verhaeghe,N,LW,16,FLA,30,CA$7.0,8.7,0.1,0.6,0.1,121.4,55.4,, ,81,17.2,30,37,67,257,8,19,0,0,29,83,7,41,4,20,28,42%,,,,,,,,,,
67,Brandon Montour,N,D,26,SEA,31,CA$7.1,2.9,0,0.5,0.1,96.8,29.8,, ,79,22.8,14,30,43,211,2,11,0,0,98,88,-6,53,2,0,0,0%,,,,,,,,,,
68,Kevin Fiala,N,LW,17,L.A,29,CA$7.9,8.7,0.1,0.5,0.1,98.8,30.8,, ,81,18.5,32,38,69,239,12,26,0,0,26,63,3,46,5,13,22,38%,,,,,,,,,,
69,Jake Walman,N,D,27,EDM,30,CA$3.4,2.9,0,0.5,0.1,159.5,90.5,, ,75,20.7,10,20,30,154,0,3,0,0,153,69,7,44,2,0,0,0%,,,,,,,,,,
70,Igor Shesterkin,N,G,6,NYR,29,CA$11.5,3.1,0.1,0.5,0,29.6,-40.4,,+,,,,,,,,,,,,,,,,,,,,60,34,19,7,4,"1,675",162,0.912,2.7
71,Vincent Trocheck,N,C,17,NYR,32,CA$5.6,8.6,0.1,0.5,0.1,134.8,63.8,, ,82,20.9,24,38,62,197,5,11,3,4,76,185,2,50,4,873,622,58%,,,,,,,,,,
72,Noah Dobson,N,D,28,MTL,26,CA$9.5,2.8,0,0.5,0,77.8,5.8,, ,79,22,10,35,45,179,1,8,0,1,144,69,3,32,2,0,0,0%,,,,,,,,,,
73,Tim Stützle,N,"C,LW",18,OTT,24,CA$8.4,8.6,0.1,0.4,0,43.6,-29.4,,+,81,19.5,26,54,80,183,5,26,0,0,44,113,3,37,4,193,228,46%,,,,,,,,,,
74,Linus Ullmark,N,G,7,OTT,32,CA$8.3,3,0.1,0.4,0,81.3,7.3,, ,,,,,,,,,,,,,,,,,,,,52,28,18,6,4,"1,379",134,0.911,2.59
75,MacKenzie Blackwood,N,G,8,COL,28,CA$5.3,3,0.1,0.4,0.1,28.1,-46.9,, ,,,,,,,,,,,,,,,,,,,,56,34,16,5,4,"1,464",149,0.908,2.66
76,Alex Ovechkin,N,"LW,RW",19,WSH,40,CA$9.5,8.5,0.1,0.4,0,42.2,-33.8,,-,78,17.8,37,31,68,258,13,24,0,0,22,131,0,25,6,0,3,12%,,,,,,,,,,
77,Jeremy Lauzon,N,D,29,VGK,28,CA$2.0,2.7,0,0.3,0.2,177.9,100.9,, ,71,18.6,4,9,13,85,0,0,0,0,96,249,3,71,1,0,0,0%,,,,,,,,,,
78,Shayne Gostisbehere,N,D,30,CAR,32,CA$3.2,2.7,0,0.3,0.1,127.8,49.8,, ,79,18.3,9,38,47,133,4,25,0,0,79,52,6,30,2,0,0,0%,,,,,,,,,,
79,Seth Jarvis,N,"C,LW,RW",20,CAR,24,CA$7.4,8.5,0.1,0.3,0,64.9,-14.1,, ,80,19.6,32,37,69,216,8,19,4,5,55,102,8,20,5,69,112,38%,,,,,,,,,,
80,Joel Eriksson Ek,N,C,20,MIN,29,CA$5.3,8.4,0.1,0.3,0.1,122.5,42.5,,+,75,20.3,26,33,60,240,9,18,1,1,56,135,4,43,4,711,745,49%,,,,,,,,,,
81,Miro Heiskanen,N,D,31,DAL,26,CA$8.5,2.7,0,0.3,0,87.7,6.7,, ,77,23.9,9,37,46,162,1,12,0,0,121,48,7,27,1,0,0,0%,,,,,,,,,,
82,Sergei Bobrovsky,N,G,9,FLA,36,CA$10.0,2.9,0.1,0.2,0,43.7,-38.3,, ,,,,,,,,,,,,,,,,,,,,55,30,19,6,4,"1,417",142,0.909,2.58
83,Darcy Kuemper,N,G,10,L.A,35,CA$5.3,2.8,0.1,0.2,0,53.1,-29.9,, ,,,,,,,,,,,,,,,,,,,,52,28,18,6,4,"1,360",135,0.91,2.59
84,Morgan Rielly,N,D,32,TOR,32,CA$7.5,2.5,0,0.1,0,136.3,52.3,, ,79,22.2,7,44,51,145,1,19,0,0,127,50,4,25,1,0,0,0%,,,,,,,,,,
85,Brandt Clarke,N,D,33,L.A,23,CA$0.9,2.5,0,0.1,0.1,169.7,84.7,,+,79,19.3,7,31,38,154,1,10,0,0,135,50,3,51,1,0,0,0%,,,,,,,,,,
86,Roope Hintz,N,C,21,DAL,29,CA$8.5,8.3,0.1,0.1,0,104.2,18.2,, ,80,18.1,32,41,73,188,9,22,1,2,48,59,8,32,5,455,384,54%,,,,,,,,,,
87,Jake McCabe,N,D,34,TOR,32,CA$4.4,2.4,0,0,0,164.3,77.3,, ,77,21.3,5,22,27,89,0,0,0,1,150,156,6,49,1,0,0,0%,,,,,,,,,,
88,Devon Toews,N,D,35,COL,32,CA$7.3,2.4,0,0,0,131.6,43.6,, ,81,24.6,11,38,48,156,0,3,0,0,119,60,8,28,2,0,0,0%,,,,,,,,,,
89,Gustav Forsling,N,D,36,FLA,29,CA$5.8,2.4,0,0,0,135.7,46.7,, ,81,23,11,26,37,189,0,1,0,1,103,89,8,32,2,0,0,0%,,,,,,,,,,
89,Filip Gustavsson,N,G,11,MIN,27,CA$3.8,2.7,0,0,0,51.2,-37.8,, ,,,,,,,,,,,,,,,,,,,,55,29,19,6,4,"1,421",142,0.909,2.58
89,Elias Pettersson,N,"C,LW",21,VAN,27,CA$11.6,8.2,0.1,0,0,65.1,-23.9,,+,79,20.1,30,50,81,187,10,25,1,2,84,97,2,19,5,541,588,48%,,,,,,,,,,
89,Nico Hischier,N,C,23,N.J,27,CA$7.3,8.2,0.1,0,0,91.8,2.8,, ,79,20.6,34,42,77,214,11,24,1,2,60,49,6,21,5,"1,017",817,55%,,,,,,,,,,
93,Sidney Crosby,N,C,24,PIT,38,CA$8.7,8.1,0.1,0,0,40.2,-52.8,, ,82,20.5,36,56,92,244,10,24,0,0,42,77,-3,36,4,"1,044",806,56%,,,,,,,,,,
94,Wyatt Johnston,N,"C,RW",23,DAL,22,CA$8.4,7.6,0.1,-0.1,0,66.8,-27.2,, ,82,18.8,33,37,71,210,9,21,2,2,46,51,6,28,5,400,415,49%,,,,,,,,,,
95,John Carlson,N,D,37,WSH,36,CA$8.0,2.2,0,-0.1,0,104.9,9.9,, ,77,23.3,8,37,45,158,3,15,0,0,139,63,2,27,1,0,0,0%,,,,,,,,,,
96,Nikolaj Ehlers,N,"LW,RW",22,CAR,30,CA$8.5,8,0.1,-0.2,0,90.3,-5.7,,+,76,17.8,29,47,75,228,6,24,0,0,38,46,8,27,5,6,14,30%,,,,,,,,,,
97,Zeev Buium,N,D,38,MIN,20,CA$1.0,2.2,0,-0.2,-0.2,—,N/A,,+ + +,70,18,8,26,34,134,2,7,0,0,84,124,2,56,1,0,0,0%,,,,,,,,,,
98,Noah Hanifin,N,D,39,VGK,29,CA$7.4,2.1,0,-0.3,0,162.9,64.9,, ,81,23,10,32,42,162,2,8,0,1,119,57,6,27,2,0,0,0%,,,,,,,,,,
99,Jesper Bratt,N,"LW,RW",23,N.J,27,CA$7.9,7.9,0.1,-0.3,0,38.9,-60.1,, ,82,19.1,26,57,83,203,6,29,1,2,40,83,6,18,4,1,5,13%,,,,,,,,,,
100,Thomas Chabot,N,D,40,OTT,29,CA$8.0,2,0,-0.3,0,161.3,61.3,, ,76,22.9,10,30,39,162,2,8,0,0,136,62,2,36,2,0,0,0%,,,,,,,,,,
101,Clayton Keller,N,"LW,RW",24,UTA,27,CA$7.2,7.7,0.1,-0.5,-0.1,40.4,-60.6,, ,81,19.1,32,53,85,221,10,32,0,0,32,20,0,33,5,15,25,38%,,,,,,,,,,
102,Vince Dunn,N,D,41,SEA,29,CA$7.4,1.8,0,-0.6,-0.1,112.3,10.3,, ,75,22.2,12,38,51,154,2,14,0,0,95,50,-3,47,2,0,0,0%,,,,,,,,,,
103,Brayden McNabb,N,D,42,VGK,35,CA$3.7,1.8,0,-0.6,-0.2,177,74,, ,82,20.3,4,19,23,96,0,0,0,2,175,135,8,37,1,0,0,0%,,,,,,,,,,
104,Kris Letang,N,D,43,PIT,38,CA$6.1,1.8,0,-0.6,-0.1,175.1,71.1,, ,79,23.7,10,30,40,165,3,10,0,0,119,119,-6,48,1,0,0,0%,,,,,,,,,,
105,Alex Tuch,N,RW,26,BUF,29,CA$4.8,7.1,0.1,-0.6,-0.1,134.7,29.7,, ,80,18.9,31,35,67,200,4,13,3,4,94,72,2,40,4,65,93,41%,,,,,,,,,,
106,Jackson Lacombe,N,D,44,ANA,25,CA$0.9,1.7,0,-0.6,-0.7,119,13,,+,78,23.6,12,34,46,144,3,14,0,1,143,73,-4,35,2,0,1,0%,,,,,,,,,,
107,Nick Suzuki,N,C,26,MTL,26,CA$7.9,7.4,0.1,-0.7,-0.1,54.4,-52.6,, ,82,20.8,31,49,80,179,7,25,2,2,65,64,2,25,5,689,665,51%,,,,,,,,,,
108,Rasmus Andersson,N,D,45,CGY,29,CA$4.6,1.6,0,-0.8,-0.2,162.5,54.5,, ,81,24,10,29,39,162,2,11,0,1,184,48,-6,42,1,0,0,0%,,,,,,,,,,
109,Stuart Skinner,N,G,12,EDM,26,CA$2.6,1.9,0,-0.8,-0.3,131.5,22.5,, ,,,,,,,,,,,,,,,,,,,,50,31,14,5,3,"1,293",137,0.904,2.75
110,Will Cuylle,N,"LW,RW",25,NYR,24,CA$3.9,7.4,0.1,-0.8,-0.2,—,N/A,, ,82,16.3,22,23,45,165,4,8,2,3,48,277,2,50,4,9,24,26%,,,,,,,,,,
111,Filip Hronek,N,D,46,VAN,28,CA$7.3,1.5,0,-0.8,-0.1,162.3,51.3,, ,76,23.9,7,36,43,125,1,10,0,0,100,101,2,39,1,0,1,38%,,,,,,,,,,
112,Mattias Ekholm,N,D,47,EDM,35,CA$6.0,1.4,0,-1,-0.2,166.8,54.8,,-,72,21.8,8,24,32,145,1,2,0,1,106,73,9,35,1,0,0,0%,,,,,,,,,,
113,Frederik Andersen,N,G,13,CAR,35,CA$2.8,1.6,0.1,-1,-0.4,155.1,42.1,, ,,,,,,,,,,,,,,,,,,,,30,17,9,3,2,778,81,0.905,2.71
114,Logan Cooley,N,C,27,UTA,21,CA$1.0,7.1,0.1,-1,-1.1,147.7,33.7,,+,80,19.2,30,45,75,193,9,27,0,0,34,67,0,40,5,362,504,42%,,,,,,,,,,
115,Dylan Cozens,N,C,28,OTT,25,CA$7.1,7.1,0.1,-1.1,-0.2,167.2,52.2,,+,82,18.1,22,37,60,213,6,17,1,1,41,164,0,43,4,598,639,48%,,,,,,,,,,
116,Drake Batherson,N,"LW,RW",26,OTT,27,CA$5.0,7.1,0.1,-1.1,-0.2,83.2,-32.8,,+,82,17.9,26,41,67,200,10,26,0,0,32,125,1,32,4,15,20,43%,,,,,,,,,,
117,Joseph Woll,N,G,14,TOR,27,CA$3.7,1.6,0,-1.1,-0.3,146.8,29.8,, ,,,,,,,,,,,,,,,,,,,,38,21,13,4,2,"1,001",103,0.906,2.72
118,Drew Doughty,N,D,48,L.A,36,CA$11.0,1.3,0,-1.1,-0.1,124.8,6.8,, ,78,23.1,10,28,38,115,2,9,0,0,119,81,2,38,1,0,0,0%,,,,,,,,,,
119,Brenden Dillon,N,D,49,N.J,35,CA$4.0,1.2,0,-1.2,-0.3,—,N/A,, ,81,18.6,4,15,19,64,0,0,0,1,113,178,2,65,1,0,0,0%,,,,,,,,,,
120,Zach Hyman,N,"LW,RW",27,EDM,33,CA$5.5,7,0.1,-1.2,-0.2,112.4,-7.6,, ,68,19,33,23,56,207,9,16,0,0,25,60,11,34,5,3,4,44%,,,,,,,,,,
121,Oliver Ekman-Larsson,N,D,50,TOR,34,CA$3.5,1.2,0,-1.2,-0.3,179,58,, ,78,20.5,6,25,32,124,1,7,0,0,87,106,4,48,1,0,0,0%,,,,,,,,,,
122,Ilya Sorokin,N,G,15,NYI,30,CA$8.3,1.4,0,-1.2,-0.1,58.1,-63.9,, ,,,,,,,,,,,,,,,,,,,,55,26,22,7,4,"1,466",146,0.91,2.65
123,Pyotr Kochetkov,N,G,16,CAR,26,CA$2.0,1.4,0,-1.2,-0.6,109.2,-13.8,, ,,,,,,,,,,,,,,,,,,,,45,26,14,5,3,"1,165",124,0.904,2.75
124,Jacob Middleton,N,D,51,MIN,30,CA$4.0,1.1,0,-1.3,-0.3,—,N/A,, ,79,20.7,7,16,23,99,0,0,0,1,164,117,0,55,1,0,0,0%,,,,,,,,,,
125,Erik Karlsson,N,D,52,PIT,35,CA$10.0,1.1,0,-1.3,-0.1,127.1,2.1,,-,82,23.4,13,44,56,186,2,14,0,0,101,40,-5,32,1,0,0,0%,,,,,,,,,,
126,Nazem Kadri,N,C,29,CGY,35,CA$7.0,6.9,0.1,-1.3,-0.2,136.3,10.3,, ,82,19.2,32,38,70,276,9,20,0,0,31,61,-4,46,4,674,744,48%,,,,,,,,,,
127,Travis Sanheim,N,D,53,PHI,29,CA$6.3,1.1,0,-1.3,-0.2,—,N/A,, ,82,24.8,9,27,36,145,0,3,0,2,164,86,-5,46,1,0,0,0%,,,,,,,,,,
128,Niko Mikkola,N,D,54,FLA,29,CA$2.5,1.1,0,-1.3,-0.5,—,N/A,, ,81,20.1,4,14,18,108,0,0,0,0,110,150,5,55,1,0,0,0%,,,,,,,,,,
129,Tyler Myers,N,D,55,VAN,36,CA$3.0,1.1,0,-1.3,-0.4,—,N/A,, ,79,20.7,5,21,26,99,0,1,1,2,141,103,0,65,1,0,0,0%,,,,,,,,,,
130,Dylan Larkin,N,C,30,DET,29,CA$8.7,6.8,0.1,-1.3,-0.2,87.6,-42.4,, ,80,20.1,32,42,74,235,13,26,0,1,36,48,-2,38,4,839,694,55%,,,,,,,,,,
131,Travis Konecny,N,"LW,RW",28,PHI,29,CA$8.8,6.9,0.1,-1.3,-0.2,94.8,-36.2,, ,79,20.8,30,45,76,210,6,15,2,4,41,89,-4,54,4,40,57,41%,,,,,,,,,,
132,Jet Greaves,N,G,17,CBJ,24,CA$0.8,1.3,0,-1.4,-1.7,160.2,28.2,, ,,,,,,,,,,,,,,,,,,,,35,17,14,5,2,949,96,0.908,2.73
133,Erik Cernak,N,D,56,T.B,28,CA$5.2,1,0,-1.4,-0.3,162,29,, ,78,19.6,3,17,20,77,0,0,0,1,116,167,6,51,1,0,0,0%,,,,,,,,,,
134,Pierre-Luc Dubois,N,"C,LW",29,WSH,27,CA$8.5,6.7,0.1,-1.4,-0.2,160.6,26.6,, ,81,18,22,39,61,164,6,13,0,0,55,77,4,65,4,569,578,50%,,,,,,,,,,
135,Jordan Binnington,N,G,18,STL,32,CA$6.0,1.2,0,-1.4,-0.2,98.9,-36.1,, ,,,,,,,,,,,,,,,,,,,,54,27,20,7,4,"1,415",145,0.907,2.68
136,K'andre Miller,N,D,57,CAR,26,CA$7.5,0.9,0,-1.5,-0.2,191.3,55.3,, ,80,22.2,8,24,32,114,0,2,0,1,126,124,3,34,1,0,0,0%,,,,,,,,,,
137,Jacob Markstrom,N,G,19,N.J,35,CA$4.1,1.1,0,-1.5,-0.4,78.6,-58.4,, ,,,,,,,,,,,,,,,,,,,,50,28,17,6,3,"1,307",137,0.905,2.75
138,Ryan Nugent-Hopkins,N,"C,LW",30,EDM,32,CA$5.1,6.6,0.1,-1.5,-0.3,154.7,16.7,, ,81,19.1,23,42,64,180,8,28,1,2,44,45,8,33,4,275,304,47%,,,,,,,,,,
139,Thatcher Demko,N,G,20,VAN,29,CA$7.6,1.1,0,-1.6,-0.2,95.5,-43.5,, ,,,,,,,,,,,,,,,,,,,,50,25,19,6,3,"1,365",138,0.908,2.76
140,Michael Kesselring,N,D,58,BUF,26,CA$1.4,0.8,0,-1.6,-1.1,—,N/A,, ,79,18.5,6,22,28,132,0,2,0,0,83,100,2,62,1,0,0,0%,,,,,,,,,,
141,Luke Schenn,N,D,59,WPG,36,CA$2.8,0.8,0,-1.6,-0.6,186,45,, ,77,15.7,2,11,13,84,0,0,0,0,100,237,3,51,0,0,0,0%,,,,,,,,,,
142,Dylan Demelo,N,D,60,WPG,32,CA$4.9,0.8,0,-1.6,-0.3,181,39,, ,81,21.6,4,23,27,87,0,0,0,1,123,131,6,42,1,0,0,0%,,,,,,,,,,
143,Jacob Trouba,N,D,61,ANA,32,CA$8.0,0.7,0,-1.7,-0.2,—,N/A,, ,79,19.5,3,17,20,121,0,0,0,1,185,157,-6,55,0,0,0,0%,,,,,,,,,,
144,Alex Romanov,N,D,62,NYI,26,CA$6.3,0.7,0,-1.7,-0.3,—,N/A,, ,78,22.6,6,21,26,123,0,0,0,1,180,156,-2,33,1,0,0,0%,,,,,,,,,,
145,Brady Skjei,N,D,63,NSH,32,CA$7.0,0.7,0,-1.7,-0.2,—,N/A,, ,82,22.8,13,28,42,174,2,11,0,1,105,64,-7,44,2,0,0,0%,,,,,,,,,,
146,Brad Marchand,N,LW,31,FLA,37,CA$5.3,6.4,0.1,-1.8,-0.3,147.5,1.5,, ,79,16.2,24,32,56,193,5,15,1,1,37,94,4,56,4,10,15,40%,,,,,,,,,,
147,Josh Manson,N,D,64,COL,34,CA$4.1,0.5,0,-1.9,-0.5,—,N/A,, ,70,18.2,5,17,22,100,0,0,0,1,95,143,4,54,1,0,0,0%,,,,,,,,,,
148,Logan Thompson,N,G,21,WSH,28,CA$5.9,0.7,0,-2,-0.3,73.3,-74.7,,-,,,,,,,,,,,,,,,,,,,,48,24,18,6,3,"1,274",132,0.906,2.75
149,Kaiden Guhle,N,D,65,MTL,24,CA$5.5,0.4,0,-2,-0.4,—,N/A,, ,72,20.9,7,18,24,94,0,0,0,1,154,121,-1,51,1,0,0,0%,,,,,,,,,,
150,Luke Hughes,N,D,66,N.J,22,CA$0.0,0.3,0,-2.1,N/A,109.9,-40.1,,+,79,21.2,9,38,47,138,1,16,0,0,78,34,3,27,1,0,1,0%,,,,,,,,,,
151,Tomas Hertl,N,"C,LW",32,VGK,32,CA$6.8,6.1,0.1,-2.1,-0.3,115.8,-35.2,, ,76,17.3,27,31,58,176,11,22,0,0,54,93,5,26,5,604,471,56%,,,,,,,,,,
152,Braden Schneider,N,D,67,NYR,24,CA$2.2,0.2,0,-2.1,-1,—,N/A,, ,82,19.1,7,20,27,110,1,6,1,2,143,146,1,24,1,0,0,0%,,,,,,,,,,
153,Logan Mailloux,N,D,68,STL,22,CA$0.9,0.2,0,-2.2,-2.5,—,N/A,,+ +,65,20,5,13,18,102,0,1,0,0,84,135,1,66,1,0,0,0%,,,,,,,,,,
154,Mathew Barzal,N,"C,RW",32,NYI,28,CA$9.2,5.5,0.1,-2.2,-0.2,147.8,-6.2,,+,74,20.7,23,49,72,215,5,20,0,0,52,56,2,29,3,73,105,41%,,,,,,,,,,
155,Joey Daccord,N,G,22,SEA,29,CA$5.0,0.4,0,-2.2,-0.4,132.6,-22.4,, ,,,,,,,,,,,,,,,,,,,,54,24,23,8,3,"1,498",149,0.909,2.76
156,Quinton Byfield,N,"C,LW",33,L.A,23,CA$6.3,6,0.1,-2.2,-0.4,145.7,-10.3,,+,79,19.9,25,39,64,182,6,14,1,1,33,78,5,46,4,359,437,45%,,,,,,,,,,
157,Brock Faber,N,D,69,MIN,23,CA$8.5,0.2,0,-2.2,-0.3,153.6,-3.4,,-,81,25.3,9,27,36,132,2,10,0,1,132,51,0,31,1,0,0,0%,,,,,,,,,,
158,Leevi Merilainen,N,G,23,OTT,23,CA$1.1,0.4,0,-2.3,-2.1,—,N/A,, ,,,,,,,,,,,,,,,,,,,,28,14,10,3,2,737,78,0.904,2.79
159,Esa Lindell,N,D,70,DAL,31,CA$5.3,0.1,0,-2.3,-0.4,—,N/A,, ,82,23,7,23,29,118,0,0,0,1,174,68,7,19,1,0,0,0%,,,,,,,,,,
160,Dustin Wolf,N,G,24,CGY,24,CA$0.9,0.3,0,-2.3,-2.7,64.8,-95.2,, ,,,,,,,,,,,,,,,,,,,,57,25,24,8,4,"1,537",155,0.908,2.72
161,Connor Bedard,N,"C,RW",33,CHI,20,CA$1.0,5.4,0.1,-2.3,-2.5,54.8,-106.2,,+ +,79,20.7,29,50,79,220,10,31,0,0,37,53,-12,44,4,250,400,38%,,,,,,,,,,
162,Joel Hofer,N,G,25,STL,25,CA$3.4,0.3,0,-2.3,-0.7,192,30,, ,,,,,,,,,,,,,,,,,,,,26,13,10,3,2,679,72,0.904,2.77
163,Akira Schmid,N,G,26,VGK,25,CA$0.9,0.3,0,-2.4,-2.7,183,20,, ,,,,,,,,,,,,,,,,,,,,24,14,8,3,1,606,67,0.901,2.77
164,Scott Wedgewood,N,G,27,COL,33,CA$1.5,0.3,0,-2.4,-1.6,181.1,17.1,, ,,,,,,,,,,,,,,,,,,,,24,14,8,3,1,623,68,0.902,2.82
165,Kirill Marchenko,N,RW,34,CBJ,25,CA$3.9,5.3,0.1,-2.4,-0.6,103.3,-61.7,,+,79,18.8,31,36,67,217,6,18,0,0,41,58,3,23,4,17,29,37%,,,,,,,,,,
166,Steven Stamkos,N,"C,LW,RW",34,NSH,36,CA$8.0,5.7,0.1,-2.4,-0.3,124.8,-41.2,, ,82,18.5,31,35,66,202,13,26,0,0,47,73,-6,43,4,425,380,53%,,,,,,,,,,
167,Alex Debrincat,N,"LW,RW",35,DET,28,CA$7.9,5.7,0.1,-2.4,-0.3,72.2,-94.8,, ,82,17.9,32,35,67,239,11,24,0,0,38,49,-2,31,4,23,27,46%,,,,,,,,,,
168,Lucas Raymond,N,RW,35,DET,23,CA$8.1,5.3,0.1,-2.4,-0.3,82.7,-85.3,, ,81,19.5,29,48,77,191,7,28,1,1,35,54,-3,28,4,3,8,26%,,,,,,,,,,
169,Karel Vejmelka,N,G,28,UTA,29,CA$4.8,0.2,0,-2.5,-0.5,135.1,-33.9,, ,,,,,,,,,,,,,,,,,,,,60,31,22,7,3,"1,605",168,0.905,2.81
170,Marcus Pettersson,N,D,71,VAN,29,CA$5.5,-0.1,0,-2.5,-0.4,—,N/A,, ,80,21.5,4,25,28,87,0,0,0,0,147,97,2,46,1,0,0,0%,,,,,,,,,,
171,Casey DeSmith,N,G,29,DAL,34,CA$1.0,0.2,0,-2.5,-2.5,168.5,-2.5,, ,,,,,,,,,,,,,,,,,,,,20,11,7,2,1,523,57,0.902,2.83
172,Sam Montembeault,N,G,30,MTL,28,CA$3.2,0.1,0,-2.6,-0.8,109.6,-62.4,, ,,,,,,,,,,,,,,,,,,,,58,30,21,7,3,"1,578",166,0.905,2.85
173,Dylan Strome,N,C,36,WSH,29,CA$5.0,5.6,0.1,-2.6,-0.5,135,-38,, ,82,17.5,27,46,73,158,8,28,0,0,53,28,1,30,4,664,607,52%,,,,,,,,,,
174,Colton Parayko,N,D,72,STL,32,CA$6.5,-0.2,0,-2.6,-0.4,152.7,-21.3,, ,79,21.7,10,19,29,135,0,1,0,2,164,94,1,22,2,0,0,0%,,,,,,,,,,
175,Sean Walker,N,D,73,CAR,31,CA$3.6,-0.2,0,-2.6,-0.7,—,N/A,, ,81,17.1,6,14,20,129,0,1,0,1,101,94,5,43,1,0,0,0%,,,,,,,,,,
176,Dylan Holloway,N,"LW,RW",36,STL,24,CA$2.0,5.6,0.1,-2.6,-1.3,100.8,-75.2,,+,72,17.2,25,34,60,172,6,15,0,0,43,150,4,27,4,33,37,47%,,,,,,,,,,
177,Jeremy Swayman,N,G,31,BOS,26,CA$8.3,0,0,-2.6,-0.3,114.1,-62.9,,+,,,,,,,,,,,,,,,,,,,,55,25,22,8,3,"1,512",154,0.908,2.8
178,Sean Durzi,N,D,74,UTA,27,CA$6.0,-0.2,0,-2.6,-0.4,189.8,11.8,, ,75,19.8,8,23,31,109,1,7,0,0,125,59,0,44,1,0,0,0%,,,,,,,,,,
179,Dmitry Orlov,N,D,75,S.J,34,CA$6.5,-0.3,0,-2.7,-0.4,—,N/A,, ,79,23.6,8,33,41,157,1,10,0,0,88,117,-6,33,1,0,0,0%,,,,,,,,,,
180,Kiefer Sherwood,N,"C,LW",37,VAN,30,CA$1.5,5.5,0.1,-2.7,-1.8,104.8,-75.2,,+,74,15.4,17,21,38,141,1,3,1,2,32,353,1,42,3,24,28,47%,,,,,,,,,,
181,Jalen Chatfield,N,D,76,CAR,29,CA$3.0,-0.3,0,-2.7,-0.9,—,N/A,, ,80,19.5,8,15,23,119,0,0,0,1,87,79,7,42,1,0,0,0%,,,,,,,,,,
182,Cam Talbot,N,G,32,DET,38,CA$2.5,0,0,-2.7,-1.1,187.3,5.3,, ,,,,,,,,,,,,,,,,,,,,38,17,15,5,2,"1,022",107,0.906,2.81
183,Simon Edvinsson,N,D,77,DET,23,CA$0.9,-0.3,0,-2.7,-3,—,N/A,, ,77,21.9,8,23,30,97,0,2,0,1,139,86,-1,46,1,0,0,0%,,,,,,,,,,
184,Matt Roy,N,D,78,WSH,31,CA$5.8,-0.3,0,-2.7,-0.5,—,N/A,, ,80,19.8,5,20,25,111,0,0,0,1,143,126,2,29,1,0,0,0%,,,,,,,,,,
185,Nick Seeler,N,D,79,PHI,32,CA$2.7,-0.3,0,-2.7,-1,—,N/A,, ,79,17.5,3,15,18,93,0,0,0,1,189,126,-2,46,0,0,0,0%,,,,,,,,,,
186,Macklin Celebrini,N,C,39,S.J,19,CA$1.0,5.4,0.1,-2.8,-2.8,46.3,-139.7,,+,77,20,31,45,76,265,10,24,0,0,56,46,-9,36,4,564,607,48%,,,,,,,,,,
187,Bo Horvat,N,C,40,NYI,30,CA$8.5,5.4,0.1,-2.8,-0.3,151.5,-35.5,, ,81,20.3,32,33,65,243,6,13,2,2,44,86,0,24,5,795,615,56%,,,,,,,,,,
188,Charlie Lindgren,N,G,33,WSH,31,CA$3.0,-0.1,0,-2.8,-0.9,185,-3,, ,,,,,,,,,,,,,,,,,,,,32,16,12,4,2,855,91,0.904,2.85
189,Dylan Samberg,N,D,80,WPG,27,CA$5.8,-0.4,0,-2.8,-0.5,—,N/A,, ,76,21.3,5,18,22,110,0,1,0,0,147,85,5,34,1,0,0,0%,,,,,,,,,,
190,Alexander Nikishin,N,D,81,CAR,24,CA$0.9,-0.4,0,-2.8,-3,—,N/A,, ,72,18,7,15,21,125,1,2,0,0,86,100,6,38,1,0,0,0%,,,,,,,,,,
191,Cam Fowler,N,D,82,STL,34,CA$6.5,-0.4,0,-2.8,-0.4,154.6,-36.4,, ,79,22.4,9,36,44,116,4,17,0,0,108,38,0,23,1,0,0,0%,,,,,,,,,,
192,Dante Fabbro,N,D,83,CBJ,27,CA$4.1,-0.4,0,-2.8,-0.7,—,N/A,, ,76,21.2,7,17,24,108,0,0,0,0,152,78,1,45,1,0,0,0%,,,,,,,,,,
193,Ian Cole,N,D,84,UTA,37,CA$2.8,-0.5,0,-2.9,-1,—,N/A,, ,81,18.8,2,13,15,71,0,0,0,0,172,97,-1,60,0,0,0,0%,,,,,,,,,,
194,Juuse Saros,N,G,34,NSH,30,CA$7.7,-0.3,0,-2.9,-0.4,101.8,-92.2,,+,,,,,,,,,,,,,,,,,,,,60,27,24,9,3,"1,686",171,0.908,2.84
195,Bowen Byram,N,D,85,BUF,24,CA$6.3,-0.5,0,-2.9,-0.5,175,-20,, ,77,21.1,9,25,34,91,1,4,0,1,108,81,0,43,1,0,0,0%,,,,,,,,,,
196,Cole Caufield,N,"LW,RW",38,MTL,25,CA$7.9,5.2,0.1,-3,-0.4,57.7,-138.3,,+,78,18,32,33,65,243,9,17,0,0,28,59,3,17,5,5,8,36%,,,,,,,,,,
197,Jake Allen,N,G,35,N.J,35,CA$1.8,-0.3,0,-3,-1.7,—,N/A,, ,,,,,,,,,,,,,,,,,,,,30,16,10,3,2,781,86,0.901,2.85
198,Anders Lee,N,LW,39,NYI,35,CA$7.0,5.2,0.1,-3,-0.4,147.8,-50.2,, ,82,16.5,26,24,50,217,5,9,0,0,45,129,1,44,4,15,17,46%,,,,,,,,,,
199,William Borgen,N,D,86,NYR,29,CA$4.1,-0.6,0,-3,-0.7,—,N/A,, ,82,18.8,4,18,22,91,0,0,1,1,125,144,0,45,1,0,0,0%,,,,,,,,,,
200,Mika Zibanejad,N,"C,RW",39,NYR,32,CA$8.5,4.7,0.1,-3,-0.4,136.8,-63.2,,+,82,18.7,24,43,67,195,9,22,1,5,49,52,1,23,4,550,541,50%,,,,,,,,,,
201,Simon Benoit,N,D,87,TOR,27,CA$1.4,-0.7,0,-3.1,-2.3,—,N/A,, ,78,16.5,2,8,10,58,0,0,0,1,112,188,3,51,0,0,0,0%,,,,,,,,,,
202,Jordan Kyrou,N,RW,40,STL,27,CA$8.1,4.6,0.1,-3.2,-0.4,82.2,-119.8,, ,82,16.6,32,30,62,226,7,17,0,0,34,40,2,23,5,2,6,30%,,,,,,,,,,
203,Eric Comrie,N,G,36,WPG,30,CA$0.8,-0.5,0,-3.2,-3.8,—,N/A,, ,,,,,,,,,,,,,,,,,,,,20,10,7,2,1,515,57,0.901,2.84
204,Alexis Lafrenière,N,"LW,RW",40,NYR,24,CA$7.5,5,0.1,-3.2,-0.4,—,N/A,,+ +,82,17.6,27,35,62,195,6,12,0,0,28,105,2,33,4,16,35,31%,,,,,,,,,,
205,Mikey Anderson,N,D,88,L.A,26,CA$4.1,-0.8,0,-3.2,-0.8,—,N/A,, ,80,22.5,5,19,24,96,0,0,0,0,137,121,3,30,1,0,0,0%,,,,,,,,,,
206,Brock Boeser,N,RW,42,VAN,29,CA$7.3,4.5,0.1,-3.2,-0.4,169.2,-36.8,,+,80,18.1,31,34,64,178,11,22,0,0,35,71,0,22,5,21,32,40%,,,,,,,,,,
207,Alex Lyon,N,G,37,BUF,32,CA$1.5,-0.6,0,-3.2,-2.2,—,N/A,, ,,,,,,,,,,,,,,,,,,,,30,15,11,4,2,795,86,0.902,2.87
208,Gabriel Vilardi,N,"C,RW",43,WPG,26,CA$7.5,4.5,0.1,-3.3,-0.4,127.2,-80.8,, ,73,18.2,29,31,61,151,11,22,0,0,48,31,5,22,5,72,79,48%,,,,,,,,,,
209,Vladislav Gavrikov,N,D,89,NYR,30,CA$7.0,-0.9,0,-3.3,-0.5,—,N/A,, ,80,23,6,22,28,118,0,0,0,1,137,59,4,33,1,0,0,0%,,,,,,,,,,
210,Brandon Carlo,N,D,90,TOR,29,CA$3.5,-0.9,0,-3.3,-0.9,—,N/A,, ,81,19.6,3,13,17,87,0,0,0,0,146,110,4,40,0,0,0,0%,,,,,,,,,,
211,Jaccob Slavin,N,D,91,CAR,31,CA$6.3,-0.9,0,-3.3,-0.5,155.3,-55.7,, ,81,22.5,7,27,33,133,0,0,1,2,140,42,7,15,1,0,0,0%,,,,,,,,,,
212,Ben Chiarot,N,D,92,DET,34,CA$4.8,-0.9,0,-3.3,-0.7,—,N/A,, ,81,20.4,5,14,18,107,0,0,0,0,147,130,-6,53,1,0,0,0%,,,,,,,,,,
213,Juraj Slafkovsky,N,"LW,RW",41,MTL,21,CA$7.6,4.8,0.1,-3.4,-0.4,100.6,-112.4,,+,77,17.3,19,31,50,139,6,13,0,0,59,159,2,45,3,7,12,39%,,,,,,,,,,
214,Justin Faulk,N,D,93,STL,34,CA$6.5,-1,0,-3.4,-0.5,167.5,-46.5,, ,78,20.3,5,30,35,126,1,7,0,0,109,84,-1,31,1,0,0,0%,,,,,,,,,,
215,Daniil Tarasov (G),N,G,38,FLA,26,CA$1.1,-0.7,0,-3.4,-3.2,—,N/A,, ,,,,,,,,,,,,,,,,,,,,25,13,9,3,1,638,71,0.899,2.85
216,Ryan McDonagh,N,D,94,T.B,36,CA$6.8,-1,0,-3.4,-0.5,—,N/A,, ,80,21.1,4,25,29,86,0,0,0,1,152,47,9,26,1,0,0,0%,,,,,,,,,,
217,Jonathan Marchessault,N,RW,44,NSH,35,CA$5.5,4.3,0.1,-3.4,-0.6,161,-56,,-,81,18.1,29,32,61,224,6,20,0,0,27,86,-4,36,4,17,44,28%,,,,,,,,,,
218,Owen Power,N,D,95,BUF,23,CA$8.4,-1,0,-3.4,-0.4,180.7,-37.3,,+,80,22.9,7,33,40,140,1,7,0,1,124,44,0,24,1,0,0,0%,,,,,,,,,,
219,Connor Murphy,N,D,96,CHI,33,CA$4.4,-1,0,-3.4,-0.8,—,N/A,, ,74,20.6,4,14,18,91,0,0,0,1,164,132,-7,57,1,0,0,0%,,,,,,,,,,
220,Robert Thomas,N,C,42,STL,26,CA$8.1,4.7,0.1,-3.4,-0.4,69.2,-150.8,, ,79,19.6,24,56,80,158,5,21,1,2,45,22,3,29,4,771,674,53%,,,,,,,,,,
221,Kevin Lankinen,N,G,39,VAN,30,CA$4.5,-0.8,0,-3.4,-0.8,172,-49,, ,,,,,,,,,,,,,,,,,,,,30,14,12,4,1,814,87,0.903,2.91
222,Frank Vatrano,N,"C,LW",42,ANA,32,CA$4.6,4.7,0.1,-3.5,-0.8,163,-59,, ,82,16.4,23,22,45,216,4,7,1,1,66,147,-6,58,3,12,17,41%,,,,,,,,,,
223,Adam Larsson,N,D,97,SEA,33,CA$5.3,-1.1,0,-3.5,-0.7,—,N/A,, ,82,21.4,6,19,24,117,0,0,0,0,149,122,-4,39,1,0,0,0%,,,,,,,,,,
224,Matvei Michkov,N,RW,45,PHI,21,CA$1.0,4.2,0.1,-3.6,-3.7,87.6,-136.4,, ,81,17.9,28,40,68,214,9,19,0,0,28,39,-3,38,4,21,24,46%,,,,,,,,,,
225,Anton Forsberg,N,G,40,L.A,32,CA$1.3,-0.9,0,-3.6,-2.9,192,-33,, ,,,,,,,,,,,,,,,,,,,,27,14,10,3,1,699,78,0.9,2.88
226,Hampus Lindholm,N,D,98,BOS,32,CA$6.5,-1.2,0,-3.6,-0.6,—,N/A,, ,72,22.1,6,25,31,118,1,6,0,0,102,63,-1,43,1,0,0,0%,,,,,,,,,,
227,Ukko-Pekka Luukkonen,N,G,41,BUF,26,CA$4.8,-1,0,-3.6,-0.8,177.3,-49.7,, ,,,,,,,,,,,,,,,,,,,,50,26,18,6,2,"1,323",145,0.901,2.89
228,Rickard Rakell,N,"C,LW,RW",43,PIT,32,CA$5.0,4.6,0.1,-3.6,-0.7,144.5,-83.5,,-,80,20.7,30,34,64,218,6,13,0,0,73,126,-4,24,3,16,25,38%,,,,,,,,,,
229,Mike Matheson,N,D,99,MTL,32,CA$4.9,-1.3,0,-3.6,-0.7,178.1,-50.9,, ,78,20.5,6,21,27,119,0,3,1,2,146,61,-2,39,1,0,0,0%,,,,,,,,,,
230,Morgan Geekie,N,C,46,BOS,27,CA$5.5,4.5,0.1,-3.7,-0.7,168.8,-61.2,, ,79,17.5,29,31,60,168,7,17,0,0,38,117,0,31,4,239,280,46%,,,,,,,,,,
231,Brent Burns,N,D,100,COL,40,CA$1.0,-1.3,0,-3.7,-3.7,163.7,-67.3,, ,82,17.5,8,22,30,149,1,5,0,0,84,34,6,26,1,0,0,26%,,,,,,,,,,
232,Lian Bichsel,N,D,101,DAL,21,CA$0.9,-1.4,0,-3.8,-4.1,—,N/A,, ,64,16.4,5,10,15,68,0,0,0,0,62,174,4,45,1,0,0,0%,,,,,,,,,,
233,Artem Zub,N,D,102,OTT,30,CA$4.6,-1.4,0,-3.8,-0.8,—,N/A,, ,73,20.4,4,16,20,78,0,0,0,1,136,99,2,40,1,0,0,0%,,,,,,,,,,
234,John Gibson,N,G,42,DET,32,CA$6.4,-1.2,0,-3.8,-0.6,168.4,-65.6,, ,,,,,,,,,,,,,,,,,,,,42,19,17,6,2,"1,127",121,0.903,2.89
235,Brock Nelson,N,C,48,COL,34,CA$7.5,4.2,0.1,-3.9,-0.5,157.2,-77.8,, ,82,17.1,28,31,59,198,5,11,2,2,43,39,7,24,4,504,532,49%,,,,,,,,,,
236,Lukas Dostal,N,G,43,ANA,25,CA$6.5,-1.3,0,-3.9,-0.6,134,-102,, ,,,,,,,,,,,,,,,,,,,,55,25,23,8,3,"1,546",161,0.906,2.93
237,Yaroslav Askarov,N,G,44,S.J,23,CA$2.0,-1.3,0,-4,-2,—,N/A,, ,,,,,,,,,,,,,,,,,,,,48,19,22,7,2,"1,355",139,0.907,2.9
238,Alex Carrier,N,D,103,MTL,29,CA$3.8,-1.7,0,-4.1,-1.1,—,N/A,, ,76,20.2,4,18,22,82,0,0,0,1,154,78,-1,43,1,0,0,0%,,,,,,,,,,
239,Jakub Dobes,N,G,45,MTL,24,CA$1.0,-1.5,-0.1,-4.1,-4.3,—,N/A,, ,,,,,,,,,,,,,,,,,,,,20,10,8,3,1,542,60,0.901,2.98
240,Martin Fehervary,N,D,104,WSH,26,CA$6.0,-1.7,0,-4.1,-0.7,—,N/A,, ,78,18.9,4,15,20,75,0,0,0,2,138,143,1,29,1,0,0,0%,,,,,,,,,,
241,David Rittich,N,G,46,NYI,33,CA$1.0,-1.5,-0.1,-4.1,-4.1,—,N/A,, ,,,,,,,,,,,,,,,,,,,,25,11,11,4,1,660,73,0.901,2.91
242,Rasmus Sandin,N,D,105,WSH,26,CA$4.6,-1.8,0,-4.1,-0.9,—,N/A,, ,79,19.2,5,23,28,82,0,4,0,0,115,92,2,29,1,0,0,0%,,,,,,,,,,
243,Pavel Dorofeyev,N,RW,48,VGK,25,CA$1.8,3.5,0,-4.2,-2.3,135.1,-107.9,, ,78,16.6,27,18,46,211,7,10,0,0,37,36,7,29,5,4,11,25%,,,,,,,,,,
244,Bryan Rust,N,RW,49,PIT,33,CA$5.1,3.5,0,-4.2,-0.8,148.5,-95.5,,-,77,19.9,31,35,66,213,5,16,0,0,58,69,-5,28,3,7,9,44%,,,,,,,,,,
245,Jonas Johansson,N,G,47,T.B,29,CA$1.3,-1.6,-0.1,-4.2,-3.4,182,-63,, ,,,,,,,,,,,,,,,,,,,,20,12,6,2,1,512,59,0.897,2.95
246,Chris Tanev,N,D,106,TOR,36,CA$4.5,-2,0,-4.4,-1,—,N/A,, ,78,19.7,3,16,19,60,0,0,0,1,183,46,6,28,0,0,0,0%,,,,,,,,,,
247,Brett Kulak,N,D,107,EDM,32,CA$2.8,-2,0,-4.4,-1.6,—,N/A,, ,82,18.3,5,16,21,116,0,0,0,0,109,56,6,30,1,0,0,0%,,,,,,,,,,
248,Zach Whitecloud,N,D,108,VGK,29,CA$2.8,-2,0,-4.4,-1.6,—,N/A,, ,75,17.6,4,12,16,74,0,0,0,0,110,119,5,33,1,0,0,0%,,,,,,,,,,
249,Jake Debrusk,N,"LW,RW",44,VAN,29,CA$5.5,3.7,0,-4.5,-0.8,176.4,-72.6,, ,80,16.6,27,24,51,183,10,19,0,0,45,97,1,21,4,9,18,33%,,,,,,,,,,
250,Matthew Tkachuk,N,"LW,RW",45,FLA,28,CA$9.5,3.7,0.1,-4.5,-0.5,47.6,-202.4,, ,50,18.7,19,35,55,161,6,17,0,0,17,78,6,39,3,2,5,33%,,,,,,,,,,
251,Samuel Girard,N,D,109,COL,27,CA$5.0,-2.1,0,-4.5,-0.9,—,N/A,, ,77,20.7,4,22,27,103,0,2,0,0,122,80,4,19,1,0,0,0%,,,,,,,,,,
252,Spencer Knight,N,G,48,CHI,24,CA$4.5,-1.8,0,-4.5,-1,170.2,-81.8,, ,,,,,,,,,,,,,,,,,,,,50,19,23,8,2,"1,388",145,0.906,2.9
253,Jonas Siegenthaler,N,D,110,N.J,28,CA$3.4,-2.1,0,-4.5,-1.3,—,N/A,, ,74,19.5,3,13,16,77,0,0,0,0,123,99,4,37,0,0,0,0%,,,,,,,,,,
254,Matt Duchene,N,"C,RW",52,DAL,35,CA$4.5,3.2,0,-4.5,-1,133.3,-120.7,, ,81,16.2,25,40,64,148,5,16,0,0,29,35,7,20,4,371,317,54%,,,,,,,,,,
255,Ivan Provorov,N,D,111,CBJ,29,CA$8.5,-2.1,0,-4.5,-0.5,—,N/A,, ,82,23.2,7,26,33,111,0,4,0,2,138,50,-3,29,1,0,0,0%,,,,,,,,,,
256,Jonathan Quick,N,G,49,NYR,39,CA$1.6,-1.9,-0.1,-4.5,-2.9,—,N/A,, ,,,,,,,,,,,,,,,,,,,,20,10,8,3,1,545,61,0.9,3.03
257,Adam Pelech,N,D,112,NYI,31,CA$5.8,-2.2,0,-4.6,-0.8,—,N/A,, ,73,21.3,3,21,24,120,0,0,0,1,120,83,-1,39,1,0,0,0%,,,,,,,,,,
258,Tristan Jarry,N,G,50,PIT,30,CA$5.4,-1.9,0,-4.6,-0.9,177,-81,, ,,,,,,,,,,,,,,,,,,,,40,16,18,6,2,"1,094",118,0.903,2.94
259,Anthony Cirelli,N,C,49,T.B,28,CA$6.3,3.6,0,-4.6,-0.7,—,N/A,, ,79,18.7,23,29,52,156,3,6,2,4,70,41,9,30,4,611,611,50%,,,,,,,,,,
260,Ilya Lyubushkin,N,D,113,DAL,31,CA$3.3,-2.2,0,-4.6,-1.4,—,N/A,, ,79,17.3,1,12,14,55,0,0,0,0,137,108,4,39,0,0,0,0%,,,,,,,,,,
261,Cole Perfetti,N,"C,LW,RW",46,WPG,24,CA$3.3,3.5,0,-4.7,-1.4,168.7,-92.3,, ,77,16.8,22,33,55,161,7,19,0,0,40,64,5,24,4,24,49,33%,,,,,,,,,,
262,Brett Pesce,N,D,114,N.J,31,CA$5.5,-2.3,0,-4.7,-0.9,—,N/A,, ,79,21.2,4,17,21,117,0,0,0,1,141,38,3,31,1,0,0,0%,,,,,,,,,,
263,Mason McTavish,N,C,51,ANA,23,CA$0.0,3.4,0,-4.7,N/A,153.9,-109.1,,+ +,78,17.4,25,33,58,189,6,12,0,0,36,75,-5,54,4,488,510,49%,,,,,,,,,,
264,Sam Rinzel,N,D,115,CHI,21,CA$0.9,-2.3,0,-4.7,-5,170.6,-93.4,,-,65,22.3,4,27,31,120,1,14,0,0,91,87,-5,27,1,0,0,0%,,,,,,,,,,
265,Darren Raddysh,N,D,116,T.B,30,CA$1.0,-2.4,0,-4.7,-4.9,—,N/A,, ,74,16.9,5,24,29,98,1,7,0,0,77,56,7,19,1,0,0,0%,,,,,,,,,,
266,Conor Garland,N,RW,55,VAN,30,CA$5.9,3,0,-4.7,-0.8,—,N/A,, ,82,18.7,21,31,52,184,4,12,0,0,52,55,2,37,3,4,13,24%,,,,,,,,,,
267,Artyom Levshunov,N,D,117,CHI,20,CA$1.0,-2.4,0,-4.8,-4.9,—,N/A,, ,78,20.7,4,27,32,108,1,11,0,0,106,94,-8,37,1,0,0,0%,,,,,,,,,,
268,Petr Mrazek,N,G,51,ANA,33,CA$4.3,-2.2,-0.1,-4.8,-1.1,—,N/A,, ,,,,,,,,,,,,,,,,,,,,23,10,10,3,1,644,70,0.902,3.06
269,Blake Coleman,N,"C,LW,RW",47,CGY,34,CA$4.9,3.3,0,-4.8,-1,180.5,-88.5,, ,81,17.2,21,24,45,189,4,5,2,3,60,146,-3,48,3,34,38,47%,,,,,,,,,,
270,Tony Deangelo,N,D,118,NYI,30,CA$1.8,-2.5,0,-4.9,-2.8,—,N/A,, ,65,20.3,8,25,33,126,2,13,0,0,76,47,-3,27,1,0,0,0%,,,,,,,,,,
271,Kevin Bahl,N,D,119,CGY,25,CA$5.4,-2.5,0,-4.9,-0.9,—,N/A,, ,76,21.3,3,16,19,83,0,0,0,0,124,125,-5,48,0,0,0,0%,,,,,,,,,,
272,Janis Moser,N,D,120,T.B,25,CA$3.4,-2.5,0,-4.9,-1.4,—,N/A,, ,77,18.8,4,17,21,74,0,1,0,1,104,73,6,31,1,0,0,0%,,,,,,,,,,
273,Scott Mayfield,N,D,121,NYI,33,CA$3.5,-2.5,0,-4.9,-1.4,—,N/A,, ,74,18.7,4,12,15,74,0,0,0,1,133,104,-1,43,1,0,0,0%,,,,,,,,,,
274,Dan Vladar,N,G,52,PHI,28,CA$3.4,-2.3,-0.1,-4.9,-1.5,—,N/A,, ,,,,,,,,,,,,,,,,,,,,24,11,10,3,1,624,71,0.898,2.96
275,Anton Lundell,N,C,54,FLA,24,CA$5.0,3.2,0,-4.9,-1,179,-96,, ,80,16.4,18,29,47,180,2,6,1,1,55,100,6,35,3,500,460,52%,,,,,,,,,,
276,Ryan Pulock,N,D,122,NYI,31,CA$6.2,-2.6,0,-4.9,-0.8,—,N/A,, ,77,20.9,5,18,22,100,1,2,0,1,161,108,-3,20,1,0,0,0%,,,,,,,,,,
277,Brayden Schenn,N,C,55,STL,34,CA$6.5,3.2,0,-5,-0.8,—,N/A,, ,82,16,19,29,48,129,3,9,0,0,43,158,0,46,3,493,496,50%,,,,,,,,,,
278,Vitek Vanecek,N,G,53,UTA,28,CA$2.0,-2.3,-0.1,-5,-2.6,186,-92,, ,,,,,,,,,,,,,,,,,,,,18,9,7,2,1,478,54,0.898,3.02
279,Elvis Merzlikins,N,G,54,CBJ,31,CA$5.4,-2.3,-0.1,-5,-0.9,—,N/A,, ,,,,,,,,,,,,,,,,,,,,40,19,16,5,2,"1,074",120,0.9,3
280,Chris Kreider,N,LW,48,ANA,34,CA$6.5,3.2,0,-5,-0.8,172.1,-107.9,, ,79,18.3,30,22,52,201,8,13,3,4,31,102,-3,29,4,35,52,40%,,,,,,,,,,
281,Jared Spurgeon,N,D,123,MIN,36,CA$7.6,-2.6,0,-5,-0.7,—,N/A,, ,70,19.6,6,19,26,105,0,3,0,0,120,65,3,17,1,0,0,0%,,,,,,,,,,
282,Mark Stone,N,RW,56,VGK,33,CA$9.5,2.7,0,-5,-0.5,157.3,-124.7,, ,68,18.1,20,41,61,140,4,18,1,2,43,40,6,20,3,2,10,16%,,,,,,,,,,
283,Mario Ferraro,N,D,124,S.J,27,CA$3.3,-2.7,0,-5.1,-1.6,—,N/A,, ,80,22.4,5,16,21,100,0,0,0,1,151,134,-11,43,1,0,0,0%,,,,,,,,,,
284,Marcus Foligno,N,LW,49,MIN,34,CA$4.0,3.1,0,-5.1,-1.3,—,N/A,, ,76,14.6,13,16,29,89,0,0,0,1,51,228,3,65,2,8,11,41%,,,,,,,,,,
285,Ross Colton,N,"C,LW",50,COL,29,CA$4.0,3.1,0,-5.1,-1.3,165,-120,, ,78,14.2,18,19,37,152,4,7,0,0,48,161,5,36,3,125,131,49%,,,,,,,,,,
286,Jonas Brodin,N,D,125,MIN,32,CA$6.0,-2.7,0,-5.1,-0.9,—,N/A,, ,65,23,6,20,26,105,0,0,0,1,132,40,2,26,1,0,0,0%,,,,,,,,,,
287,Jj Peterka,N,"LW,RW",51,UTA,24,CA$7.7,3.1,0,-5.1,-0.7,124.9,-162.1,,+,81,17.3,29,36,65,193,6,16,0,0,20,35,0,27,4,3,9,26%,,,,,,,,,,
288,Jonathan Huberdeau,N,"C,LW",52,CGY,32,CA$10.5,3.1,0,-5.1,-0.5,175.2,-112.8,, ,81,19.5,23,38,61,157,7,20,3,3,58,58,-4,39,3,14,22,39%,,,,,,,,,,
289,Valeri Nichushkin,N,"LW,RW",53,COL,31,CA$6.1,3,0,-5.1,-0.8,103.7,-185.3,, ,68,18.4,26,26,52,174,9,13,0,1,33,80,5,18,4,2,6,29%,,,,,,,,,,
290,Ridly Greig,N,"C,RW",58,OTT,23,CA$3.3,2.5,0,-5.2,-1.6,—,N/A,, ,79,16.8,15,21,36,123,3,8,2,3,47,133,1,60,3,203,205,50%,,,,,,,,,,
291,Cam York,N,D,126,PHI,25,CA$5.2,-2.9,0,-5.3,-1,—,N/A,, ,76,21,6,17,23,85,0,1,0,1,147,78,-4,35,1,0,0,0%,,,,,,,,,,
292,Jordan Spence,N,D,127,OTT,25,CA$1.5,-2.9,0,-5.3,-3.5,—,N/A,, ,79,17.7,4,23,26,92,0,2,0,0,90,89,4,21,1,0,0,0%,,,,,,,,,,
293,Gabriel Landeskog,N,LW,54,COL,33,CA$7.0,2.8,0,-5.3,-0.8,—,N/A,,+,62,17,17,21,38,141,5,11,0,1,35,84,5,55,3,0,0,0%,,,,,,,,,,
294,Ivan Prosvetov,N,G,55,CGY,26,CA$0.9,-2.7,-0.1,-5.4,-6,—,N/A,, ,,,,,,,,,,,,,,,,,,,,20,8,9,3,1,533,61,0.898,3.03
295,Trent Frederic,N,C,58,EDM,28,CA$3.9,2.8,0,-5.4,-1.4,—,N/A,, ,77,13.6,14,16,30,111,2,3,0,0,40,175,6,53,2,104,144,42%,,,,,,,,,,
296,Jayden Struble,N,D,128,MTL,24,CA$1.4,-3.1,0,-5.5,-3.9,—,N/A,, ,71,15.9,3,12,15,61,0,0,0,0,80,130,1,43,0,0,0,0%,,,,,,,,,,
297,Philip Broberg,N,D,129,STL,24,CA$4.6,-3.1,0,-5.5,-1.2,188.7,-108.3,, ,73,20.2,6,17,23,103,0,1,0,0,116,62,3,21,1,0,0,0%,,,,,,,,,,
298,Joel Edmundson,N,D,130,L.A,32,CA$3.9,-3.1,0,-5.5,-1.4,—,N/A,, ,74,19.2,4,13,17,86,0,0,0,0,107,101,1,32,1,0,0,0%,,,,,,,,,,
299,Alex Vlasic,N,D,131,CHI,24,CA$4.6,-3.2,0,-5.6,-1.2,—,N/A,, ,80,23.6,5,25,29,106,1,8,0,0,158,65,-10,27,1,0,0,0%,,,,,,,,,,
300,Pavel Buchnevich,N,"C,LW,RW",55,STL,30,CA$7.7,2.6,0,-5.6,-0.7,157.9,-142.1,, ,79,17.9,23,37,60,158,5,14,1,2,29,50,2,30,4,40,64,38%,,,,,,,,,,
301,Sean Monahan,N,C,61,CBJ,31,CA$5.5,2.5,0,-5.6,-1,167.5,-133.5,,+,71,19,24,40,64,170,7,16,1,3,44,40,2,22,3,773,659,54%,,,,,,,,,,
302,Jack McBain,N,"C,LW",56,UTA,26,CA$4.3,2.5,0,-5.6,-1.3,146,-156,, ,80,14,12,16,29,89,0,1,0,0,50,262,0,57,2,263,298,47%,,,,,,,,,,
303,Damon Severson,N,D,132,CBJ,31,CA$6.3,-3.3,0,-5.7,-0.9,—,N/A,, ,78,17.4,6,18,24,87,0,1,0,0,102,56,-1,40,1,0,0,0%,,,,,,,,,,
304,Nicolas Hague,N,D,133,NSH,27,CA$5.5,-3.3,0,-5.7,-1,—,N/A,, ,78,18.9,4,12,16,99,0,0,0,0,110,115,-5,42,1,0,0,0%,,,,,,,,,,
305,Mathieu Olivier,N,RW,62,CBJ,29,CA$3.0,2,0,-5.7,-1.9,—,N/A,, ,77,11.8,11,11,22,87,0,1,0,1,56,217,-2,79,1,8,18,30%,,,,,,,,,,
306,Jared McCann,N,"C,LW",57,SEA,29,CA$5.0,2.4,0,-5.7,-1.1,172.3,-133.7,, ,81,17.4,27,34,61,203,5,15,1,2,44,53,-3,25,4,101,134,43%,,,,,,,,,,
307,Elias Lindholm,N,C,64,BOS,31,CA$7.8,2.4,0,-5.7,-0.7,—,N/A,, ,81,19.5,20,35,54,174,5,15,1,2,75,109,-3,22,3,825,655,56%,,,,,,,,,,
308,Jamie Oleksiak,N,D,134,SEA,33,CA$4.6,-3.4,0,-5.8,-1.3,—,N/A,, ,81,19,4,14,18,79,0,0,0,0,155,90,-6,38,1,0,0,0%,,,,,,,,,,
309,Artturi Lehkonen,N,"LW,RW",58,COL,30,CA$4.5,2.4,0,-5.8,-1.3,163.5,-145.5,, ,70,19.2,24,23,48,148,4,9,1,1,37,46,8,30,4,7,13,33%,,,,,,,,,,
310,Jason Zucker,N,LW,59,BUF,34,CA$4.8,2.4,0,-5.8,-1.2,—,N/A,, ,78,15.1,20,27,47,156,7,16,0,0,25,89,1,41,3,31,54,36%,,,,,,,,,,
311,Matt Dumba,N,D,135,PIT,31,CA$3.8,-3.4,0,-5.8,-1.5,—,N/A,, ,78,18,3,10,13,79,0,1,0,0,98,118,-7,58,0,0,0,0%,,,,,,,,,,
312,Timothy Liljegren,N,D,136,S.J,26,CA$3.0,-3.4,0,-5.8,-1.9,—,N/A,, ,74,19.5,6,16,22,102,1,2,0,1,128,89,-7,35,1,0,0,0%,,,,,,,,,,
313,Alex Nedeljkovic,N,G,56,S.J,29,CA$2.5,-3.2,-0.1,-5.8,-2.3,—,N/A,, ,,,,,,,,,,,,,,,,,,,,32,12,15,5,1,897,99,0.901,3.09
314,Owen Tippett,N,"LW,RW",60,PHI,27,CA$6.2,2.4,0,-5.8,-0.9,175.1,-138.9,, ,80,17,24,25,49,218,3,8,0,0,60,125,-3,20,4,12,14,46%,,,,,,,,,,
315,Logan Stanley,N,D,137,WPG,27,CA$1.3,-3.4,-0.1,-5.8,-4.7,—,N/A,, ,65,15.4,2,10,12,55,0,0,0,0,79,86,3,51,0,0,0,0%,,,,,,,,,,
316,Anze Kopitar,N,C,65,L.A,38,CA$7.0,2.3,0,-5.9,-0.8,167.5,-148.5,, ,82,18.3,23,43,66,120,6,20,0,1,62,39,3,11,4,833,651,56%,,,,,,,,,,
317,Tyler Toffoli,N,"LW,RW",61,S.J,33,CA$6.0,2.3,0,-5.9,-1,173.5,-143.5,, ,81,17.3,32,28,59,243,7,17,0,0,29,67,-7,22,4,15,15,50%,,,,,,,,,,
318,Ivan Demidov,N,RW,63,MTL,20,CA$0.9,1.8,0,-5.9,-6.3,—,N/A,,+,75,16,21,32,53,155,6,15,0,0,33,81,1,25,3,0,0,0%,,,,,,,,,,
319,Dmitri Voronkov,N,LW,62,CBJ,25,CA$4.2,2.3,0,-5.9,-1.4,—,N/A,, ,79,16.2,21,24,45,160,6,9,0,0,50,81,1,43,3,83,115,42%,,,,,,,,,,
320,Rasmus Ristolainen,N,D,138,PHI,31,CA$5.1,-3.5,-0.1,-5.9,-1.2,—,N/A,, ,68,20.7,4,16,20,104,0,4,0,1,109,108,-3,25,1,0,0,0%,,,,,,,,,,
321,John Klingberg,N,D,139,S.J,33,CA$4.0,-3.5,-0.1,-5.9,-1.5,182,-139,, ,59,21.2,7,23,30,104,2,11,0,0,80,60,-6,32,1,0,0,0%,,,,,,,,,,
322,Justus Annunen,N,G,57,NSH,25,CA$0.8,-3.3,-0.2,-5.9,-7.1,—,N/A,, ,,,,,,,,,,,,,,,,,,,,20,8,9,3,1,550,63,0.898,3.13
323,Ivan Barbashev,,LW,63,VGK,30,CA$5.0,2.2,0,-6,-1.2,137.8,-185.2,, ,80,15.7,20,27,48,120,2,3,0,0,38,126,7,29,3,23,35,39%,,,,,,,,,,
324,Dmitry Kulikov,N,D,140,FLA,35,CA$1.2,-3.6,0,-6,-5.2,—,N/A,, ,78,15.9,3,13,16,67,0,0,0,0,77,105,4,31,0,0,0,0%,,,,,,,,,,
325,Tyler Tucker,N,D,141,STL,26,CA$0.9,-3.6,-0.1,-6,-6.5,—,N/A,, ,61,14.7,3,7,10,52,0,0,0,1,67,110,0,56,0,0,0,0%,,,,,,,,,,
326,Evgeni Malkin,N,"C,LW",64,PIT,39,CA$6.1,2.1,0,-6,-1,177,-149,, ,80,17.8,22,38,59,163,5,15,0,0,49,41,-5,53,2,358,392,48%,,,,,,,,,,
327,Cutter Gauthier,N,LW,65,ANA,22,CA$1.0,2.1,0,-6.1,-6.4,173.1,-153.9,,+,81,16.8,23,28,52,215,3,8,0,0,54,80,-3,28,3,24,42,37%,,,,,,,,,,
328,Stefan Noesen,N,LW,66,N.J,33,CA$2.8,2.1,0,-6.1,-2.2,—,N/A,, ,72,15.9,18,21,38,142,6,11,0,0,27,126,5,37,3,42,48,47%,,,,,,,,,,
329,Pavel Mintyukov,N,D,142,ANA,22,CA$0.9,-3.7,0,-6.1,-6.6,—,N/A,,+,75,19.4,6,21,26,92,0,4,0,0,103,96,-6,29,1,0,0,0%,,,,,,,,,,
330,Connor McMichael,N,LW,67,WSH,25,CA$2.1,2.1,0,-6.1,-2.9,—,N/A,, ,81,16.8,23,25,48,167,4,10,0,1,38,47,3,38,4,107,130,45%,,,,,,,,,,
331,Joonas Korpisalo,N,G,58,BOS,31,CA$3.0,-3.4,-0.1,-6.1,-2,—,N/A,, ,,,,,,,,,,,,,,,,,,,,25,10,11,4,1,672,77,0.897,3.09
332,Adam Fantilli,N,C,67,CBJ,21,CA$1.0,2,0,-6.2,-6.5,166.5,-165.5,,+,76,17.9,29,26,54,190,3,6,0,1,50,100,-3,24,4,393,544,42%,,,,,,,,,,
333,Evander Kane,N,LW,68,VAN,34,CA$5.1,2,0,-6.2,-1.2,170,-163,, ,66,15.3,19,17,36,167,2,5,0,0,26,155,-1,47,3,23,30,44%,,,,,,,,,,
334,Brayden Pachal,N,D,143,CGY,26,CA$1.2,-3.8,-0.1,-6.2,-5.2,—,N/A,, ,69,14.3,3,8,10,60,0,0,0,0,78,131,-4,54,0,0,0,0%,,,,,,,,,,
335,Warren Foegele,N,RW,65,L.A,29,CA$3.5,1.5,0,-6.2,-1.8,178,-157,, ,81,15.5,21,22,43,186,1,1,1,1,38,82,4,31,3,20,26,44%,,,,,,,,,,
336,Samuel Ersson,N,G,59,PHI,25,CA$1.5,-3.6,-0.1,-6.2,-4.3,—,N/A,, ,,,,,,,,,,,,,,,,,,,,48,21,20,7,2,"1,245",144,0.896,3.01
337,Mason Lohrei,N,D,144,BOS,25,CA$3.2,-3.9,-0.1,-6.2,-1.9,—,N/A,, ,71,19.6,6,24,30,88,1,13,0,0,100,46,-5,25,1,0,0,0%,,,,,,,,,,
338,Marco Kasper,N,"C,LW",69,DET,21,CA$0.9,1.9,0,-6.3,-7.1,—,N/A,, ,79,16.5,21,22,43,161,3,7,0,0,50,152,-1,30,3,308,382,45%,,,,,,,,,,
339,Nino Niederreiter,N,LW,70,WPG,33,CA$4.0,1.8,0,-6.3,-1.6,—,N/A,, ,81,14.9,18,19,37,157,3,7,0,0,40,135,4,27,3,21,22,49%,,,,,,,,,,
340,Patrick Kane,N,RW,66,DET,37,CA$3.0,1.4,0,-6.4,-2.1,169.6,-170.4,,-,75,18,23,37,59,188,8,24,0,0,25,26,-2,20,3,3,7,32%,,,,,,,,,,
341,Ryan Hartman,N,"C,RW",67,MIN,31,CA$4.0,1.3,0,-6.4,-1.6,—,N/A,, ,76,14.6,15,20,35,162,3,6,0,0,48,76,2,53,2,304,351,46%,,,,,,,,,,
342,Marco Rossi,N,C,69,MIN,24,CA$5.0,1.7,0,-6.4,-1.3,176.5,-165.5,, ,76,18,22,29,51,140,5,12,0,0,38,53,3,31,3,404,475,46%,,,,,,,,,,
343,Cody Ceci,N,D,145,L.A,32,CA$4.5,-4,0,-6.4,-1.4,—,N/A,, ,82,18.5,4,18,21,85,0,0,0,1,121,79,0,22,1,0,0,0%,,,,,,,,,,
344,Alex Laferriere,N,RW,69,L.A,24,CA$4.1,1.2,0,-6.5,-1.6,—,N/A,, ,81,15.1,17,20,37,177,2,5,0,0,39,115,3,32,3,36,46,44%,,,,,,,,,,
345,Zach Bogosian,N,D,146,MIN,35,CA$1.3,-4.1,-0.1,-6.5,-5.2,—,N/A,, ,76,15.9,3,11,14,77,0,0,0,0,85,88,0,38,0,0,0,15%,,,,,,,,,,
346,Mattias Samuelsson,N,D,147,BUF,26,CA$4.3,-4.1,-0.1,-6.5,-1.5,—,N/A,, ,70,19.3,3,11,14,69,0,0,0,0,113,117,0,25,0,0,0,0%,,,,,,,,,,
347,Arturs Silovs,N,G,60,PIT,24,CA$0.9,-3.9,-0.1,-6.5,-7.7,—,N/A,, ,,,,,,,,,,,,,,,,,,,,32,13,14,5,1,870,100,0.897,3.12
348,Philipp Grubauer,N,G,61,SEA,33,CA$5.9,-3.9,-0.2,-6.5,-1.1,—,N/A,, ,,,,,,,,,,,,,,,,,,,,24,10,11,4,1,656,76,0.896,3.16
349,Jamie Drysdale,N,D,148,PHI,23,CA$2.3,-4.2,-0.1,-6.5,-2.8,—,N/A,,+,69,21.3,8,18,26,85,3,10,0,0,102,42,-5,25,1,0,0,0%,,,,,,,,,,
350,Michael Bunting,N,LW,71,NSH,30,CA$4.5,1.6,0,-6.6,-1.5,—,N/A,, ,81,15.8,19,26,45,164,7,13,0,0,24,72,-3,57,3,5,9,34%,,,,,,,,,,
351,Kaedan Korczak,N,D,149,VGK,25,CA$3.3,-4.2,-0.1,-6.6,-2,—,N/A,, ,68,16.6,2,16,18,70,0,0,0,0,80,99,7,17,0,0,0,0%,,,,,,,,,,
352,Ryan Donato,N,"LW,RW",72,CHI,29,CA$4.0,1.6,0,-6.6,-1.6,181.4,-170.6,, ,80,17.3,25,28,53,186,3,10,0,0,24,107,-7,38,3,217,275,44%,,,,,,,,,,
353,Kyle Palmieri,N,RW,70,NYI,35,CA$4.8,1.1,0,-6.6,-1.4,—,N/A,, ,79,17.4,25,24,49,173,6,11,0,1,45,65,-2,26,4,12,19,39%,,,,,,,,,,
354,Sam Malinski,N,D,150,COL,27,CA$1.4,-4.3,-0.1,-6.6,-4.7,—,N/A,, ,70,15.8,4,11,16,97,0,0,0,0,91,59,5,19,1,0,0,0%,,,,,,,,,,
355,Ryan O'Reilly,N,C,70,NSH,35,CA$4.5,1.5,0,-6.7,-1.5,—,N/A,, ,79,19.5,23,35,58,162,9,19,0,0,65,29,-3,25,3,766,625,55%,,,,,,,,,,
356,Zachary Bolduc,N,RW,71,MTL,23,CA$0.9,1,0,-6.7,-7.7,—,N/A,, ,72,14.4,21,18,39,136,5,9,0,0,38,96,3,28,3,4,9,29%,,,,,,,,,,
357,Olen Zellweger,N,D,151,ANA,22,CA$0.8,-4.3,-0.1,-6.7,-7.9,—,N/A,, ,67,19.1,7,16,23,125,1,5,0,0,89,55,-4,23,1,0,0,0%,,,,,,,,,,
358,Trevor Van Riemsdyk,N,D,152,WSH,34,CA$3.0,-4.3,-0.1,-6.7,-2.2,—,N/A,, ,80,17.6,2,16,19,81,0,0,0,0,132,34,3,23,0,0,0,0%,,,,,,,,,,
359,Jeff Petry,N,D,153,FLA,38,CA$0.8,-4.4,-0.1,-6.8,-8.7,—,N/A,, ,72,15.1,3,14,17,63,0,0,0,0,92,87,3,25,0,0,0,0%,,,,,,,,,,
360,Olli Maatta,N,D,154,UTA,31,CA$3.5,-4.4,-0.1,-6.8,-1.9,—,N/A,, ,79,19.5,4,18,22,76,0,0,0,0,128,54,0,21,1,0,0,0%,,,,,,,,,,
361,Mason Marchment,N,LW,73,SEA,30,CA$4.5,1.4,0,-6.8,-1.5,—,N/A,,-,77,15.5,20,26,46,150,4,9,0,0,30,92,-4,54,3,12,15,45%,,,,,,,,,,
362,Tyler Seguin,N,"C,RW",72,DAL,34,CA$9.9,0.9,0,-6.8,-0.7,165,-197,, ,69,15.2,22,27,49,147,4,8,0,0,22,51,6,22,4,338,275,55%,,,,,,,,,,
363,Denton Mateychuk,N,D,155,CBJ,21,CA$0.9,-4.4,-0.1,-6.8,-7.7,—,N/A,, ,67,19.3,6,16,21,75,0,1,0,0,99,60,-2,31,1,0,0,0%,,,,,,,,,,
364,Bobby McMann,N,LW,74,TOR,29,CA$1.4,1.3,0,-6.8,-5.1,—,N/A,, ,74,14.2,19,15,34,164,2,4,0,0,26,136,5,32,3,7,13,33%,,,,,,,,,,
365,Garnet Hathaway,N,RW,73,PHI,34,CA$2.4,0.9,0,-6.8,-2.9,—,N/A,, ,80,11.9,10,11,21,93,0,0,1,2,67,269,-3,51,1,10,12,45%,,,,,,,,,,
366,Josh Norris,N,C,72,BUF,26,CA$8.0,1.3,0,-6.9,-0.9,—,N/A,, ,66,17.9,21,18,39,122,5,11,1,3,49,133,-1,34,3,459,402,53%,,,,,,,,,,
367,Jacob Bernard-Docker,N,D,156,DET,25,CA$0.9,-4.5,-0.1,-6.9,-7.9,—,N/A,, ,67,18,4,12,16,67,0,0,0,1,121,70,-1,31,1,0,0,0%,,,,,,,,,,
368,Jake Neighbours,N,"LW,RW",75,STL,23,CA$3.8,1.3,0,-6.9,-1.8,—,N/A,, ,77,14.8,20,18,37,112,5,10,0,0,48,133,0,37,3,7,12,37%,,,,,,,,,,
369,Nick Jensen,N,D,157,OTT,35,CA$4.1,-4.5,-0.1,-6.9,-1.7,—,N/A,, ,79,19.3,3,18,21,85,0,0,0,0,112,71,1,16,1,0,0,0%,,,,,,,,,,
370,Ryan Lindgren,N,D,158,SEA,28,CA$4.5,-4.6,-0.1,-6.9,-1.5,—,N/A,, ,78,17.7,3,16,19,69,0,0,0,1,112,88,-5,38,0,0,0,0%,,,,,,,,,,
371,Derek Forbort,N,D,159,VAN,34,CA$2.0,-4.6,-0.1,-7,-3.5,—,N/A,, ,68,17.2,3,10,13,52,0,0,0,0,100,90,-1,38,0,0,0,0%,,,,,,,,,,
372,Oliver Bjorkstrand,N,RW,74,T.B,30,CA$5.4,0.7,0,-7,-1.3,175,-197,, ,75,14,18,26,43,148,5,14,0,0,26,67,6,16,3,5,12,31%,,,,,,,,,,
373,Leo Carlsson,N,C,73,ANA,21,CA$1.0,1.1,0,-7,-7.4,—,N/A,,+ + +,76,19,28,35,63,162,6,14,1,2,41,36,-5,24,4,327,517,39%,,,,,,,,,,
374,Ryker Evans,N,D,160,SEA,24,CA$2.1,-4.6,-0.1,-7,-3.4,—,N/A,, ,73,18.3,4,16,21,65,0,3,0,0,99,108,-6,31,1,0,0,0%,,,,,,,,,,
375,Arvid Soderblom,N,G,62,CHI,26,CA$2.8,-4.4,-0.1,-7.1,-2.6,—,N/A,, ,,,,,,,,,,,,,,,,,,,,30,11,14,5,1,825,95,0.897,3.16
376,Ty Emberson,N,D,161,EDM,25,CA$1.3,-4.7,-0.1,-7.1,-5.5,—,N/A,, ,69,14.9,2,10,12,56,0,0,0,1,84,109,5,18,0,0,0,0%,,,,,,,,,,
377,Boone Jenner,N,"C,LW",76,CBJ,32,CA$3.8,1.1,0,-7.1,-1.9,176.5,-200.5,, ,67,17.7,20,20,41,170,5,8,1,1,57,105,-1,28,3,467,401,54%,,,,,,,,,,
378,Mats Zuccarello,N,RW,76,MIN,38,CA$4.1,0.6,0,-7.2,-1.7,173.3,-204.7,, ,78,17.2,17,34,51,151,3,14,0,0,49,38,1,26,3,17,26,39%,,,,,,,,,,
379,Conor Timmins,N,D,162,BUF,27,CA$2.2,-4.8,-0.1,-7.2,-3.3,—,N/A,, ,69,15.7,3,14,18,66,0,1,0,0,84,67,2,29,0,0,0,0%,,,,,,,,,,
380,Fabian Zetterlund,N,RW,79,OTT,26,CA$4.3,0.5,0,-7.3,-1.7,—,N/A,, ,81,14.7,16,19,36,157,4,8,0,0,62,114,1,21,3,21,25,46%,,,,,,,,,,
381,Ryan Leonard,N,RW,80,WSH,21,CA$1.0,0.4,0,-7.3,-7.7,—,N/A,,+,75,15.1,16,18,35,146,3,7,0,0,35,102,1,39,3,9,0,100%,,,,,,,,,,
382,Nick Blankenburg,N,D,163,NSH,27,CA$0.8,-5,-0.1,-7.3,-9.5,—,N/A,, ,64,19.6,5,13,18,84,1,5,0,0,86,70,-3,27,1,0,0,0%,,,,,,,,,,
383,Drew Helleson,N,D,164,ANA,24,CA$1.1,-5,-0.1,-7.4,-6.7,—,N/A,, ,66,16.5,4,11,15,72,0,0,0,1,86,100,-4,35,1,0,0,0%,,,,,,,,,,
384,Brandon Duhaime,N,RW,81,WSH,28,CA$1.9,0.3,0,-7.4,-4,—,N/A,, ,79,13.3,9,10,19,92,0,0,1,1,56,175,1,62,1,14,22,39%,,,,,,,,,,
385,Joel Hanley,N,D,165,CGY,34,CA$1.8,-5,-0.1,-7.4,-4.2,—,N/A,, ,66,18.6,3,10,13,56,0,0,0,0,106,76,-3,38,0,0,0,0%,,,,,,,,,,
386,William Karlsson,N,C,76,VGK,33,CA$5.9,0.7,0,-7.4,-1.3,—,N/A,, ,75,16.7,19,28,47,160,2,8,2,3,49,42,7,14,3,562,430,57%,,,,,,,,,,
387,Jackson Blake,N,RW,82,CAR,22,CA$5.1,0.3,0,-7.4,-1.5,—,N/A,, ,81,14,18,20,38,148,4,7,0,0,34,34,7,30,3,15,15,49%,,,,,,,,,,
388,Matty Beniers,N,C,77,SEA,23,CA$7.1,0.7,0,-7.5,-1,—,N/A,,+,81,20.9,23,31,54,171,5,11,0,1,75,55,-4,20,3,606,701,46%,,,,,,,,,,
389,Phillip Danault,N,C,78,L.A,33,CA$5.5,0.7,0,-7.5,-1.4,—,N/A,, ,81,17,13,32,45,133,2,6,0,1,66,81,4,30,2,619,558,53%,,,,,,,,,,
390,Erik Gustafsson (D),N,D,166,DET,34,CA$2.0,-5.2,-0.1,-7.6,-3.8,—,N/A,, ,76,15.6,4,20,24,83,0,6,0,0,64,54,-2,27,1,0,0,0%,,,,,,,,,,
391,Nicolas Roy,N,"C,RW",86,TOR,29,CA$3.0,0.1,0,-7.6,-2.5,—,N/A,, ,77,16,17,22,39,123,2,6,0,1,49,83,3,33,2,421,465,48%,,,,,,,,,,
392,Keegan Kolesar,N,RW,87,VGK,28,CA$2.5,0.1,0,-7.6,-3,—,N/A,, ,81,11.2,9,13,22,76,0,0,0,0,41,213,4,44,2,6,11,35%,,,,,,,,,,
393,Evan Rodrigues,N,"C,LW,RW",77,FLA,32,CA$3.0,0.6,0,-7.6,-2.5,—,N/A,, ,80,13.3,14,21,35,160,3,7,0,0,26,107,6,30,2,100,110,48%,,,,,,,,,,
394,Josh Anderson,N,RW,88,MTL,31,CA$5.5,0.1,0,-7.6,-1.4,—,N/A,, ,80,14,13,11,24,113,0,0,1,1,43,152,0,57,2,23,21,52%,,,,,,,,,,
395,Will Smith,N,"C,RW",89,S.J,20,CA$1.0,0.1,0,-7.6,-8,—,N/A,,+,78,18.6,25,38,63,171,5,19,0,0,23,27,-8,28,3,81,140,37%,,,,,,,,,,
396,Tanner Jeannot,N,"LW,RW",78,BOS,28,CA$3.4,0.5,0,-7.7,-2.3,—,N/A,, ,75,12.2,9,10,19,79,0,0,0,0,43,238,-4,72,1,13,18,42%,,,,,,,,,,
397,Henri Jokiharju,N,D,167,BOS,26,CA$3.0,-5.3,-0.1,-7.7,-2.6,—,N/A,, ,75,17.8,4,15,19,84,0,2,0,0,86,76,-3,25,1,0,0,0%,,,,,,,,,,
398,Justin Barron,N,D,168,NSH,24,CA$1.2,-5.3,-0.1,-7.7,-6.7,—,N/A,, ,70,17.2,6,10,16,77,0,0,0,0,90,87,-4,27,1,0,0,0%,,,,,,,,,,
399,Troy Terry,N,RW,90,ANA,28,CA$7.0,0,0,-7.7,-1.1,—,N/A,,+,79,17.2,23,36,59,187,5,13,0,0,30,17,-4,24,3,12,12,51%,,,,,,,,,,
400,John Marino,N,D,169,UTA,28,CA$4.4,-5.3,-0.1,-7.7,-1.8,—,N/A,, ,71,20.8,4,20,24,67,0,0,0,0,98,50,-1,24,1,0,0,0%,,,,,,,,,,
401,Logan Stankoven,N,"C,RW",91,CAR,23,CA$6.0,0,0,-7.7,-1.3,159.8,-241.2,,+,74,15.3,16,25,42,188,2,7,0,0,34,55,5,15,3,87,90,49%,,,,,,,,,,
402,Mikael Granlund,N,"C,LW,RW",79,ANA,34,CA$7.0,0.5,0,-7.7,-1.1,181.5,-220.5,, ,80,18.3,17,39,57,148,3,14,1,1,55,58,-4,28,3,323,356,48%,,,,,,,,,,
403,Mark Kastelic,N,"C,RW",92,BOS,27,CA$1.6,0,0,-7.7,-4.9,—,N/A,, ,74,10.8,8,10,17,86,0,0,0,0,46,217,-4,72,1,280,229,55%,,,,,,,,,,
404,William Eklund,N,LW,80,S.J,23,CA$5.6,0.4,0,-7.8,-1.4,185.4,-218.6,, ,80,19.8,20,39,59,163,8,17,1,2,55,54,-8,29,2,23,50,31%,,,,,,,,,,
405,Ryan Graves,N,D,170,PIT,30,CA$4.5,-5.4,-0.1,-7.8,-1.7,—,N/A,, ,76,17.1,4,11,14,75,0,0,0,1,118,90,-6,28,0,0,0,0%,,,,,,,,,,
406,Zach Benson,N,LW,81,BUF,20,CA$1.0,0.4,0,-7.8,-8.2,—,N/A,,+ + +,78,16.2,17,27,43,147,3,6,0,0,36,47,2,46,2,6,18,24%,,,,,,,,,,
407,Andrew Peeke,N,D,171,BOS,28,CA$2.8,-5.4,-0.1,-7.8,-2.8,—,N/A,, ,75,17.4,3,12,15,74,0,0,0,1,120,107,-5,20,0,0,0,0%,,,,,,,,,,
408,Nick Perbix,N,D,172,NSH,27,CA$2.8,-5.4,-0.1,-7.8,-2.8,—,N/A,, ,79,16.7,5,18,22,80,0,0,0,0,94,75,-3,22,1,0,0,0%,,,,,,,,,,
409,Aliaksei Protas,N,RW,94,WSH,25,CA$3.4,-0.1,0,-7.8,-2.3,169.9,-239.1,,+,78,16.5,22,32,54,149,0,1,2,4,41,33,4,21,3,15,33,31%,,,,,,,,,,
410,Dakota Joshua,N,"C,LW",82,TOR,29,CA$3.3,0.3,0,-7.8,-2.4,185,-225,, ,75,13,12,13,25,76,0,1,0,0,36,225,3,41,2,30,28,52%,,,,,,,,,,
411,Tyson Foerster,N,"LW,RW",83,PHI,24,CA$3.8,0.3,0,-7.9,-2.1,—,N/A,, ,80,16.8,22,17,39,144,3,6,1,1,53,82,-2,37,3,0,2,14%,,,,,,,,,,
412,Matt Coronato,N,RW,96,CGY,23,CA$6.5,-0.2,0,-7.9,-1.2,—,N/A,, ,76,17.6,21,24,46,178,5,14,0,0,36,40,-4,27,3,60,91,40%,,,,,,,,,,
413,Nate Schmidt,N,D,173,UTA,34,CA$3.5,-5.5,-0.1,-7.9,-2.3,—,N/A,, ,78,15.2,4,12,16,71,0,1,0,0,76,78,1,21,1,0,0,0%,,,,,,,,,,
414,Zayne Parekh,N,D,174,CGY,19,CA$0.9,-5.6,-0.2,-7.9,-8.8,—,N/A,, ,35,16,3,11,14,60,1,3,0,0,39,82,-2,42,0,0,0,0%,,,,,,,,,,
415,Jiri Kulich,N,C,82,BUF,21,CA$0.9,0.2,0,-8,-9,—,N/A,,+,73,17.1,22,19,40,185,2,5,0,0,45,56,1,28,3,342,420,45%,,,,,,,,,,
416,Trevor Moore,N,"LW,RW",84,L.A,30,CA$4.2,0.2,0,-8,-1.9,—,N/A,, ,78,16.2,20,22,42,171,1,2,1,1,39,80,3,22,3,5,17,22%,,,,,,,,,,
417,Lawson Crouse,N,"LW,RW",85,UTA,28,CA$4.3,0.1,0,-8,-1.9,—,N/A,, ,81,13.8,16,13,29,131,3,4,0,0,44,170,0,32,2,20,31,39%,,,,,,,,,,
418,Brian Dumoulin,N,D,175,L.A,34,CA$4.0,-5.7,-0.1,-8,-2,—,N/A,, ,81,16.7,3,15,18,64,0,0,0,0,97,73,0,18,1,0,0,0%,,,,,,,,,,
419,Max Domi,N,"C,LW",86,TOR,31,CA$3.8,0.1,0,-8.1,-2.2,—,N/A,, ,80,14.1,11,28,39,114,1,5,0,0,30,49,5,57,2,306,292,51%,,,,,,,,,,
420,Simon Nemec,N,D,176,N.J,22,CA$0.9,-5.8,-0.1,-8.1,-8.9,—,N/A,, ,65,16.4,4,11,14,64,0,1,0,0,82,39,1,29,1,0,0,0%,,,,,,,,,,
421,Brendan Gallagher,N,RW,98,MTL,33,CA$6.5,-0.5,0,-8.2,-1.3,—,N/A,, ,77,13.5,17,15,32,139,2,4,0,0,35,80,1,41,3,2,9,20%,,,,,,,,,,
422,Eetu Luostarinen,N,LW,87,FLA,27,CA$3.0,0,0,-8.2,-2.7,—,N/A,, ,82,14.9,12,19,31,106,0,1,0,1,59,160,5,27,2,64,71,47%,,,,,,,,,,
423,Claude Giroux,N,"LW,RW",88,OTT,38,CA$2.0,0,0,-8.2,-4.1,—,N/A,, ,82,16.7,18,31,48,143,2,11,1,1,36,58,1,24,3,559,381,59%,,,,,,,,,,
424,Albert Johansson,N,D,177,DET,25,CA$1.1,-5.8,-0.1,-8.2,-7.3,—,N/A,, ,73,16.7,4,9,13,62,0,0,0,0,99,85,-3,27,0,0,0,0%,,,,,,,,,,
425,Dawson Mercer,N,"C,RW",100,N.J,24,CA$4.0,-0.5,0,-8.3,-2.1,—,N/A,, ,82,17.3,20,19,39,143,4,7,1,1,54,42,3,20,3,96,130,42%,,,,,,,,,,
426,Frank Nazar,N,C,89,CHI,22,CA$1.0,-0.1,0,-8.3,-8.7,—,N/A,,+ +,76,17.8,24,30,54,166,4,13,1,2,52,54,-9,28,3,270,343,44%,,,,,,,,,,
427,Eeli Tolvanen,N,"LW,RW",89,SEA,26,CA$3.5,-0.1,0,-8.3,-2.4,—,N/A,, ,80,14.1,19,15,34,131,1,3,0,0,63,198,-5,23,3,5,9,37%,,,,,,,,,,
428,Vladislav Namestnikov,N,"C,LW",90,WPG,33,CA$3.0,-0.1,0,-8.3,-2.8,—,N/A,,-,80,15.1,12,25,37,106,2,7,0,0,48,92,5,32,2,288,416,41%,,,,,,,,,,
429,Shane Pinto,N,C,90,OTT,25,CA$3.8,-0.2,0,-8.3,-2.2,—,N/A,, ,74,17.2,19,20,39,138,2,3,3,5,57,75,2,26,3,457,443,51%,,,,,,,,,,
430,Mackie Samoskevich,N,RW,102,FLA,23,CA$0.8,-0.6,0,-8.3,-10.8,—,N/A,, ,76,11.8,15,17,31,130,4,10,0,0,34,128,4,16,2,0,1,0%,,,,,,,,,,
431,Nick Schmaltz,N,"C,RW",103,UTA,30,CA$5.9,-0.6,0,-8.4,-1.4,181.7,-249.3,, ,80,16.5,18,34,52,153,6,14,0,0,38,22,0,17,3,135,169,45%,,,,,,,,,,
432,Pavel Zacha,N,"C,LW",91,BOS,28,CA$4.8,-0.3,0,-8.4,-1.8,—,N/A,, ,81,18.6,19,35,54,141,4,10,1,1,31,79,-2,23,3,378,349,52%,,,,,,,,,,
433,Jordan Staal,N,C,93,CAR,37,CA$2.9,-0.3,0,-8.5,-2.9,—,N/A,, ,80,14.8,12,20,33,113,0,0,1,2,43,134,6,29,2,758,594,56%,,,,,,,,,,
434,Kent Johnson,N,"C,LW,RW",92,CBJ,23,CA$1.8,-0.3,0,-8.5,-4.7,176.1,-257.9,, ,74,17.2,22,32,54,140,5,15,0,1,33,19,0,21,3,6,28,17%,,,,,,,,,,
435,Jimmy Snuggerud,N,RW,104,STL,21,CA$1.0,-0.8,0,-8.5,-9,—,N/A,, ,72,15.8,17,26,43,130,6,11,0,0,37,63,0,25,3,0,0,0%,,,,,,,,,,
436,Shane Wright,N,C,94,SEA,22,CA$0.9,-0.4,0,-8.6,-9.7,—,N/A,, ,79,15.8,22,26,48,110,7,13,0,0,62,61,-4,24,3,413,519,44%,,,,,,,,,,
437,Sean Couturier,N,C,95,PHI,33,CA$7.8,-0.4,0,-8.6,-1.1,—,N/A,, ,79,16.6,16,30,45,169,3,7,0,1,43,56,-2,34,2,638,525,55%,,,,,,,,,,
438,Yanni Gourde,N,C,97,T.B,34,CA$2.3,-0.5,0,-8.6,-3.7,—,N/A,,+,77,13.5,9,22,31,99,0,1,0,1,41,113,7,41,2,327,341,49%,,,,,,,,,,
439,Urho Vaakanainen,N,D,178,NYR,27,CA$1.6,-6.2,-0.1,-8.6,-5.6,—,N/A,, ,69,16.7,2,14,16,63,0,0,0,0,77,50,1,24,0,0,0,0%,,,,,,,,,,
440,Scott Laughton,N,"C,LW",93,TOR,31,CA$3.0,-0.4,0,-8.6,-2.9,—,N/A,, ,81,13.7,12,18,30,120,0,0,2,4,50,147,3,36,2,293,303,49%,,,,,,,,,,
441,Andrew Mangiapane,N,"LW,RW",94,EDM,29,CA$3.6,-0.5,0,-8.6,-2.4,189,-252,, ,81,13.9,14,19,33,114,1,3,0,0,32,84,8,30,2,5,7,43%,,,,,,,,,,
442,Barrett Hayton,N,C,98,UTA,25,CA$2.7,-0.5,0,-8.7,-3.3,—,N/A,, ,75,16.8,17,23,39,147,4,10,0,0,41,42,0,34,3,520,470,53%,,,,,,,,,,
443,Tyler Bertuzzi,N,"LW,RW",95,CHI,31,CA$5.5,-0.5,0,-8.7,-1.6,—,N/A,, ,79,16.1,21,25,46,140,8,16,0,0,32,69,-7,34,3,14,24,37%,,,,,,,,,,
444,Jordan Martinook,N,LW,96,CAR,33,CA$3.1,-0.6,0,-8.7,-2.9,—,N/A,, ,81,14.7,14,19,33,124,0,0,0,1,46,79,6,33,2,35,38,48%,,,,,,,,,,
445,Parker Wotherspoon,N,D,179,PIT,28,CA$1.0,-6.4,-0.1,-8.8,-8.8,—,N/A,, ,65,18.3,2,11,13,57,0,0,0,0,89,91,-4,27,0,0,0,0%,,,,,,,,,,
446,Mikael Backlund,N,C,101,CGY,37,CA$4.5,-0.7,0,-8.8,-2,—,N/A,, ,81,18.4,17,23,40,196,2,6,1,1,47,56,-3,32,2,742,752,50%,,,,,,,,,,
447,Jean-Gabriel Pageau,N,"C,RW",106,NYI,33,CA$5.0,-1.1,0,-8.8,-1.8,—,N/A,, ,80,16.2,13,25,38,117,2,5,1,4,62,145,-1,17,2,601,442,58%,,,,,,,,,,
448,Gabriel Perreault,N,RW,107,NYR,19,CA$0.9,-1.1,0,-8.8,-9.4,—,N/A,, ,68,14,11,17,28,102,2,5,0,0,29,110,1,46,2,0,0,0%,,,,,,,,,,
449,Wyatt Kaiser,N,D,180,CHI,23,CA$0.9,-6.5,-0.1,-8.9,-9.7,—,N/A,, ,66,18.1,3,10,13,72,0,0,0,0,102,65,-6,26,0,0,0,0%,,,,,,,,,,
450,Jesperi Kotkaniemi,N,C,102,CAR,25,CA$4.8,-0.8,0,-8.9,-1.9,—,N/A,, ,81,13.4,12,18,31,112,1,3,0,0,29,68,7,41,2,354,332,52%,,,,,,,,,,
451,Nic Dowd,N,C,103,WSH,35,CA$3.0,-0.8,0,-9,-3,—,N/A,, ,78,15.1,14,13,27,84,0,0,1,1,76,124,1,38,2,565,580,49%,,,,,,,,,,
452,Tyler Kleven,N,D,181,OTT,24,CA$0.9,-6.7,-0.1,-9.1,-9.9,—,N/A,, ,64,14.4,3,7,10,60,0,0,0,0,75,78,-1,21,0,0,0,0%,,,,,,,,,,
453,Adam Henrique,N,"C,LW",97,EDM,36,CA$3.0,-0.9,0,-9.1,-3,—,N/A,, ,80,14.2,15,17,31,106,2,5,1,2,71,67,6,21,2,489,422,54%,,,,,,,,,,
454,Ville Koivunen,N,RW,112,PIT,22,CA$0.8,-1.4,0,-9.1,-11.3,—,N/A,, ,70,14,11,28,40,117,3,13,0,0,43,63,-5,46,1,0,0,0%,,,,,,,,,,
455,Andrei Kuzmenko,N,"LW,RW",98,L.A,30,CA$4.3,-1,0,-9.2,-2.1,181.4,-273.6,, ,78,15.4,20,28,48,112,6,14,0,0,26,33,2,17,3,1,0,71%,,,,,,,,,,
456,Jaden Schwartz,N,"C,LW",99,SEA,33,CA$5.5,-1,0,-9.2,-1.7,—,N/A,, ,78,17.1,22,23,45,177,6,10,0,0,38,49,-6,27,3,48,45,51%,,,,,,,,,,
457,Filip Chytil,N,C,106,VAN,26,CA$4.4,-1.1,0,-9.2,-2.1,—,N/A,, ,67,16,17,22,40,170,3,9,0,0,22,35,1,26,3,301,388,44%,,,,,,,,,,
458,Trevor Zegras,N,C,107,PHI,25,CA$5.8,-1.1,0,-9.2,-1.6,190,-268,, ,70,16.3,17,28,45,140,3,10,0,0,33,57,-4,35,2,106,168,39%,,,,,,,,,,
459,Mavrik Bourque,N,"C,RW",113,DAL,24,CA$1.0,-1.5,0,-9.3,-9.7,—,N/A,, ,78,14.5,15,20,35,109,3,9,0,0,41,63,5,18,2,195,228,46%,,,,,,,,,,
460,Martin Pospisil,N,"C,RW",114,CGY,26,CA$2.5,-1.6,0,-9.3,-3.7,—,N/A,, ,77,11.2,6,15,21,94,1,2,0,0,24,222,-3,49,1,53,72,42%,,,,,,,,,,
461,Adam Lowry,N,C,109,WPG,33,CA$3.3,-1.1,0,-9.3,-2.9,—,N/A,, ,65,15.4,12,17,29,92,0,0,0,1,50,120,4,33,2,522,514,50%,,,,,,,,,,
462,Teuvo Teravainen,N,"LW,RW",100,CHI,31,CA$5.4,-1.2,0,-9.4,-1.7,—,N/A,, ,80,17.6,20,37,57,135,8,21,1,2,30,33,-6,18,3,67,76,47%,,,,,,,,,,
463,Jonathan Drouin,N,"LW,RW",101,NYI,31,CA$4.0,-1.2,0,-9.4,-2.3,—,N/A,, ,72,17.5,16,36,53,109,4,17,0,0,27,36,-1,23,3,56,63,47%,,,,,,,,,,
464,Shakir Mukhamadullin,N,D,182,S.J,24,CA$1.0,-7,-0.1,-9.4,-9.4,—,N/A,, ,59,18.3,3,12,15,61,0,2,0,0,96,64,-6,23,0,0,0,0%,,,,,,,,,,
465,Sam Carrick,N,C,110,NYR,34,CA$1.0,-1.3,0,-9.4,-9.4,—,N/A,, ,78,11.9,7,11,18,85,0,0,1,2,40,144,1,61,1,365,322,53%,,,,,,,,,,
466,Vasily Podkolzin,N,"LW,RW",102,EDM,24,CA$1.0,-1.3,0,-9.5,-9.5,183,-283,, ,69,13.7,8,14,22,99,0,0,0,0,42,167,6,29,1,14,34,29%,,,,,,,,,,
467,Reilly Smith,N,RW,115,VGK,35,CA$2.0,-1.8,0,-9.5,-4.7,—,N/A,, ,80,14,13,23,36,126,1,4,1,1,35,55,6,20,2,4,6,38%,,,,,,,,,,
468,Johnathan Kovacevic,N,D,183,N.J,28,CA$4.0,-7.1,-0.2,-9.5,-2.4,—,N/A,, ,40,19.6,2,7,10,41,0,0,0,0,54,51,2,27,0,0,0,0%,,,,,,,,,,
469,Egor Zamula,N,D,184,PHI,25,CA$1.7,-7.1,-0.1,-9.5,-5.6,—,N/A,, ,70,16.2,3,13,16,51,0,1,0,0,94,46,-3,21,0,0,0,0%,,,,,,,,,,
470,Viktor Arvidsson,N,"LW,RW",103,BOS,32,CA$4.0,-1.3,0,-9.5,-2.4,—,N/A,, ,70,16.2,19,20,39,179,3,9,0,0,32,41,-3,28,3,20,37,35%,,,,,,,,,,
471,Justin Holl,N,D,185,DET,34,CA$3.4,-7.2,-0.1,-9.5,-2.8,—,N/A,, ,74,14.9,2,9,11,44,0,0,0,0,82,68,-2,25,0,0,0,0%,,,,,,,,,,
472,Isaac Howard,N,LW,104,EDM,21,CA$1.0,-1.5,0,-9.7,-10.2,—,N/A,, ,72,14.5,13,18,31,118,3,6,0,0,30,71,7,20,2,0,0,0%,,,,,,,,,,
473,Brett Howden,N,"C,LW",105,VGK,27,CA$2.5,-1.5,0,-9.7,-3.9,—,N/A,, ,78,12.4,14,13,27,95,0,0,0,1,45,97,4,36,2,200,200,50%,,,,,,,,,,
474,Morgan Frost,N,C,114,CGY,26,CA$4.4,-1.6,0,-9.7,-2.2,—,N/A,, ,80,15.1,15,25,40,140,3,12,0,0,54,70,-4,24,2,469,483,49%,,,,,,,,,,
475,Kirby Dach,N,"C,RW",117,MTL,25,CA$3.4,-2.1,0,-9.8,-2.9,—,N/A,, ,64,15.6,12,16,28,100,2,5,0,1,41,99,-1,38,2,101,156,39%,,,,,,,,,,
476,Nick Foligno,N,"C,LW",106,CHI,38,CA$4.5,-1.6,0,-9.8,-2.2,—,N/A,, ,78,15.1,13,16,29,104,1,2,1,1,37,177,-7,47,2,293,280,51%,,,,,,,,,,
477,Kaapo Kakko,N,RW,119,SEA,25,CA$4.5,-2.1,0,-9.9,-2.2,—,N/A,, ,79,16.4,18,26,44,133,4,8,0,0,30,63,-4,27,2,37,45,45%,,,,,,,,,,
478,Nils Hoglander,N,LW,107,VAN,25,CA$3.0,-1.7,0,-9.9,-3.3,—,N/A,, ,74,13.6,15,16,32,105,1,2,0,0,26,89,3,33,2,0,1,5%,,,,,,,,,,
479,Vladimir Tarasenko,N,"LW,RW",108,MIN,34,CA$4.8,-1.8,0,-10,-2.1,—,N/A,, ,80,14.6,16,25,41,137,2,7,0,0,37,71,1,13,2,1,2,20%,,,,,,,,,,
480,Zachary L'Heureux,N,LW,109,NSH,22,CA$0.9,-1.8,0,-10,-11.6,—,N/A,, ,74,12.7,8,13,21,94,0,1,0,0,33,206,-3,45,1,0,5,0%,,,,,,,,,,
481,Parker Kelly,N,"C,LW",110,COL,26,CA$0.8,-1.8,0,-10,-12.1,—,N/A,, ,79,12.2,7,10,18,92,0,0,1,2,64,155,4,32,1,192,323,37%,,,,,,,,,,
482,Ryan Strome,N,C,117,ANA,32,CA$5.0,-1.8,0,-10,-2,—,N/A,, ,82,15,12,26,38,124,1,6,0,0,31,55,-5,56,2,424,547,44%,,,,,,,,,,
483,Nick Paul,N,"C,LW",111,T.B,31,CA$3.2,-1.9,0,-10.1,-3.2,—,N/A,, ,70,15.3,17,16,32,117,2,3,0,0,31,68,5,19,3,365,330,52%,,,,,,,,,,
484,William Carrier,N,LW,112,CAR,31,CA$2.0,-1.9,0,-10.1,-5,—,N/A,, ,67,11.2,10,9,19,91,0,0,0,0,25,187,5,24,2,6,10,38%,,,,,,,,,,
485,Vladislav Kolyachonok,N,D,186,DAL,24,CA$0.8,-7.7,-0.1,-10.1,-13,—,N/A,, ,55,12.9,3,8,11,37,0,0,0,0,51,54,3,16,0,0,0,0%,,,,,,,,,,
486,Owen Pickering,N,D,187,PIT,22,CA$0.9,-7.7,-0.1,-10.1,-11.4,—,N/A,, ,58,18.1,3,10,13,56,0,0,0,0,74,58,-4,22,0,0,0,0%,,,,,,,,,,
487,Paul Cotter,N,LW,113,N.J,26,CA$0.8,-2,0,-10.2,-13.2,—,N/A,, ,78,11.1,11,9,20,82,0,1,0,0,28,194,1,31,2,30,29,50%,,,,,,,,,,
488,Michael Rasmussen,N,"C,LW",114,DET,26,CA$3.2,-2,0,-10.2,-3.2,—,N/A,, ,78,14,12,15,27,102,1,3,0,1,58,126,-2,36,2,110,119,48%,,,,,,,,,,
489,Alexei Toropchenko,N,RW,124,STL,26,CA$1.7,-2.5,0,-10.2,-6,—,N/A,, ,80,12.1,9,11,20,96,0,0,1,1,50,190,0,24,1,2,7,24%,,,,,,,,,,
490,Charlie Coyle,N,"C,RW",125,CBJ,34,CA$5.3,-2.5,0,-10.3,-2,—,N/A,, ,82,14.7,15,20,35,102,0,1,0,2,55,102,-2,26,2,391,382,51%,,,,,,,,,,
491,Pius Suter,N,"C,LW",115,STL,29,CA$4.1,-2.1,0,-10.3,-2.5,—,N/A,, ,79,16.1,20,18,37,127,0,1,1,2,40,62,1,19,3,331,395,46%,,,,,,,,,,
492,Connor Zary,N,"C,LW,RW",116,CGY,24,CA$0.0,-2.1,0,-10.3,N/A,—,N/A,, ,72,16.5,18,22,40,141,2,8,0,0,36,43,-3,25,3,120,174,41%,,,,,,,,,,
493,Taylor Hall,N,LW,117,CAR,34,CA$3.2,-2.1,0,-10.3,-3.3,—,N/A,, ,69,14.5,14,18,32,118,3,6,0,0,33,42,4,28,2,33,37,47%,,,,,,,,,,
494,Jake Bean,N,D,188,CGY,27,CA$1.8,-8,-0.1,-10.3,-5.9,—,N/A,, ,71,15.2,3,9,12,73,0,0,0,0,69,40,-4,21,0,0,0,0%,,,,,,,,,,
495,Yakov Trenin,N,C,123,MIN,29,CA$3.5,-2.2,0,-10.3,-3,—,N/A,, ,80,12.2,9,8,17,94,0,0,1,1,34,200,0,33,1,30,39,43%,,,,,,,,,,
496,Alex Iafallo,N,"C,LW,RW",118,WPG,32,CA$3.7,-2.2,0,-10.4,-2.8,—,N/A,, ,80,14.5,12,17,29,114,3,4,0,0,62,59,5,17,2,11,14,43%,,,,,,,,,,
497,Corey Perry,N,RW,128,L.A,40,CA$2.0,-2.7,0,-10.4,-5.2,—,N/A,, ,70,11.9,14,11,25,90,3,6,0,0,24,49,2,44,2,5,16,24%,,,,,,,,,,
498,David Perron,N,"LW,RW",119,OTT,37,CA$4.0,-2.2,0,-10.4,-2.6,—,N/A,, ,74,12.3,12,17,29,108,3,8,0,0,21,102,1,28,2,8,15,33%,,,,,,,,,,
499,Jordan Eberle,N,RW,129,SEA,35,CA$4.8,-2.7,0,-10.4,-2.2,—,N/A,, ,74,15.7,16,27,43,133,3,10,0,0,32,34,-3,24,2,19,27,42%,,,,,,,,,,
500,Simon Holmstrom,N,RW,130,NYI,24,CA$3.6,-2.8,0,-10.5,-2.9,—,N/A,, ,77,17,20,22,42,105,2,6,3,5,54,34,-2,16,3,2,6,21%,,,,,,,,,,
501,Gustav Nyquist,N,"LW,RW",120,WPG,36,CA$3.3,-2.3,0,-10.5,-3.2,—,N/A,, ,78,15.8,15,26,41,112,2,7,1,1,32,45,3,17,3,12,19,39%,,,,,,,,,,
502,Rutger McGroarty,N,RW,132,PIT,21,CA$1.0,-2.8,0,-10.5,-11.1,—,N/A,, ,72,13,11,18,29,108,2,5,0,0,30,110,-5,44,1,0,0,0%,,,,,,,,,,
503,Matthew Savoie,N,"C,RW",133,EDM,21,CA$0.9,-2.8,0,-10.6,-11.9,—,N/A,, ,68,13.5,9,14,22,93,1,3,0,0,28,83,7,29,1,33,50,40%,,,,,,,,,,
504,Cole Sillinger,N,"C,RW",134,CBJ,22,CA$2.3,-2.9,0,-10.6,-4.7,—,N/A,, ,77,15.1,12,20,31,133,2,3,1,1,47,90,-4,32,2,342,403,46%,,,,,,,,,,
505,Jeff Skinner,N,LW,121,S.J,33,CA$3.0,-2.4,0,-10.6,-3.5,—,N/A,, ,79,14.3,21,21,42,176,3,7,0,0,25,51,-6,23,3,47,54,47%,,,,,,,,,,
506,Matias MacCelli,N,LW,122,TOR,25,CA$3.4,-2.5,0,-10.6,-3.1,165,-341,, ,75,15.5,15,28,43,128,1,7,0,0,21,25,4,17,2,5,11,32%,,,,,,,,,,
507,Alex Killorn,N,"C,LW,RW",123,ANA,36,CA$6.2,-2.5,0,-10.6,-1.7,—,N/A,, ,79,15.6,18,19,37,123,1,2,1,2,27,73,-3,35,3,8,11,41%,,,,,,,,,,
508,Michael McCarron,N,C,126,NSH,31,CA$0.9,-2.5,0,-10.7,-11.9,—,N/A,, ,74,12.9,8,9,17,82,0,0,0,0,55,138,-5,61,1,442,370,54%,,,,,,,,,,
509,Erik Haula,N,"C,LW",124,NSH,35,CA$3.2,-2.5,0,-10.7,-3.4,—,N/A,, ,79,14.5,13,15,27,124,1,2,1,1,42,101,-4,41,2,442,379,54%,,,,,,,,,,
510,Michael Eyssimont,N,"C,LW",125,BOS,29,CA$1.5,-2.6,0,-10.7,-7.4,—,N/A,, ,78,10.6,8,10,18,133,0,0,0,0,27,116,-2,53,1,8,12,39%,,,,,,,,,,
511,Brandon Tanev,N,"LW,RW",126,UTA,34,CA$2.5,-2.6,0,-10.8,-4.3,—,N/A,, ,79,12.3,9,12,21,92,0,0,0,0,79,152,-2,28,1,6,22,21%,,,,,,,,,,
512,Evgeny Dadonov,N,RW,136,N.J,37,CA$1.0,-3.1,0,-10.8,-10.8,—,N/A,, ,77,13.1,16,19,34,110,2,5,0,0,34,50,3,15,2,0,2,7%,,,,,,,,,,
513,Cole Smith,N,LW,127,NSH,30,CA$1.0,-2.6,0,-10.8,-10.8,—,N/A,, ,79,13.4,7,12,18,84,0,0,0,2,34,185,-5,53,1,5,11,33%,,,,,,,,,,
514,Patrik Laine,N,"LW,RW",128,MTL,27,CA$8.7,-2.7,0,-10.8,-1.2,172.2,-341.8,, ,65,14,17,17,34,122,7,10,0,0,36,44,0,19,3,21,31,40%,,,,,,,,,,
515,Ryan McLeod,N,C,130,BUF,26,CA$5.0,-2.8,0,-11,-2.2,—,N/A,, ,79,16.6,18,26,44,109,0,1,2,4,37,40,1,20,3,568,545,51%,,,,,,,,,,
516,Joel Farabee,N,"LW,RW",129,CGY,26,CA$5.0,-2.8,0,-11,-2.2,—,N/A,, ,82,14.1,14,18,32,140,1,3,0,0,48,83,-4,30,2,18,31,37%,,,,,,,,,,
517,Isaiah George,N,D,189,NYI,22,CA$0.8,-8.6,-0.1,-11,-13.1,—,N/A,, ,62,14.1,2,7,9,47,0,0,0,0,61,54,-2,17,0,0,0,0%,,,,,,,,,,
518,Nicholas Robertson,N,RW,138,TOR,24,CA$1.8,-3.3,0,-11,-6,—,N/A,, ,69,11.8,15,12,27,116,1,2,0,0,34,76,3,15,2,3,5,39%,,,,,,,,,,
519,Alex Newhook,N,C,133,MTL,25,CA$2.9,-2.9,0,-11.1,-3.8,—,N/A,, ,78,14.9,16,16,31,112,1,4,0,0,34,75,-1,25,2,232,301,44%,,,,,,,,,,
520,Chandler Stephenson,N,C,134,SEA,31,CA$6.3,-2.9,0,-11.1,-1.8,—,N/A,, ,80,18.8,15,35,51,90,3,14,2,3,48,43,-7,23,2,732,637,53%,,,,,,,,,,
521,Jake Christiansen,N,D,190,CBJ,26,CA$1.0,-8.7,-0.1,-11.1,-11.4,—,N/A,, ,64,12.3,1,7,8,51,0,0,0,0,60,56,-1,14,0,0,0,0%,,,,,,,,,,
522,Bobby Brink,N,RW,139,PHI,24,CA$1.5,-3.5,0,-11.2,-7.5,—,N/A,, ,76,15.3,13,24,37,105,2,5,0,0,31,86,-3,22,2,20,31,40%,,,,,,,,,,
523,Kevin Korchinski,N,D,191,CHI,21,CA$0.9,-8.8,-0.1,-11.2,-12.2,—,N/A,, ,66,17.5,4,6,10,67,0,1,0,0,68,41,-7,22,1,0,0,0%,,,,,,,,,,
524,Anthony Mantha,N,RW,140,PIT,31,CA$2.5,-3.5,-0.1,-11.2,-4.5,—,N/A,, ,62,15.4,17,18,35,105,3,6,0,0,31,61,-3,28,2,9,15,37%,,,,,,,,,,
525,Casey Mittelstadt,N,C,136,BOS,27,CA$5.8,-3.1,0,-11.2,-2,—,N/A,, ,82,16.7,16,30,46,112,3,10,0,0,31,35,-5,25,2,444,530,46%,,,,,,,,,,
526,Yegor Sharangovich,N,"C,LW,RW",130,CGY,27,CA$5.3,-3.1,0,-11.2,-2.1,—,N/A,, ,80,16.2,21,21,42,145,5,11,2,3,37,27,-6,15,3,122,178,41%,,,,,,,,,,
527,Michael Amadio,N,RW,141,OTT,29,CA$2.6,-3.6,0,-11.3,-4.3,—,N/A,, ,78,12.9,12,15,27,95,1,1,0,0,41,91,2,19,2,50,48,51%,,,,,,,,,,
528,Jordan Greenway,N,LW,131,BUF,29,CA$4.0,-3.1,0,-11.3,-2.8,—,N/A,, ,69,13.4,7,10,18,78,0,0,0,1,51,137,0,40,1,12,38,23%,,,,,,,,,,
529,Jack Quinn,N,RW,142,BUF,24,CA$3.4,-3.6,0,-11.3,-3.3,—,N/A,, ,72,13.9,15,21,35,113,2,7,0,0,25,51,0,19,2,3,9,23%,,,,,,,,,,
530,Anthony Beauvillier,N,LW,132,WSH,28,CA$2.8,-3.2,0,-11.4,-4.2,—,N/A,, ,79,12.8,12,13,24,132,0,0,0,0,36,112,1,17,2,12,17,40%,,,,,,,,,,
531,Nick Leddy,N,D,192,S.J,35,CA$4.0,-9,-0.1,-11.4,-2.9,—,N/A,, ,73,15.8,2,14,16,52,0,0,0,0,74,42,-6,14,0,0,0,0%,,,,,,,,,,
532,Maxim Tsyplakov,N,"LW,RW",133,NYI,27,CA$2.3,-3.3,0,-11.4,-5.1,—,N/A,, ,79,12.6,9,19,29,98,1,1,0,0,35,115,-1,31,1,9,11,43%,,,,,,,,,,
533,Luke Evangelista,N,RW,144,NSH,24,CA$0.8,-3.8,-0.1,-11.6,-14.5,—,N/A,, ,73,14.5,14,22,36,150,2,6,0,0,20,38,-2,22,2,0,3,11%,,,,,,,,,,
534,Justin Danforth,N,RW,146,BUF,33,CA$1.8,-4,-0.1,-11.7,-6.5,—,N/A,, ,75,12.4,10,13,23,94,0,0,1,1,48,123,0,20,1,299,318,48%,,,,,,,,,,
535,Morgan Barron,N,C,137,WPG,27,CA$1.9,-3.6,0,-11.8,-6.4,—,N/A,, ,79,10.3,9,8,17,94,0,0,0,0,40,129,4,21,1,68,73,48%,,,,,,,,,,
536,Nick Cousins,N,LW,134,OTT,32,CA$0.8,-3.6,0,-11.8,-14.3,—,N/A,, ,74,10.6,8,11,18,92,0,0,0,0,34,112,1,37,1,14,22,39%,,,,,,,,,,
537,Radek Faksa,N,C,138,DAL,32,CA$2.0,-3.6,0,-11.8,-5.9,—,N/A,, ,79,12,7,11,18,73,0,0,1,2,52,108,4,27,1,389,300,56%,,,,,,,,,,
538,Colton Sissons,N,"C,LW",135,VGK,32,CA$2.9,-3.6,0,-11.8,-4.1,—,N/A,, ,80,11.7,8,13,21,77,0,0,0,1,53,106,4,21,1,348,301,54%,,,,,,,,,,
539,Casey Cizikas,N,"C,LW",136,NYI,35,CA$2.5,-3.7,0,-11.9,-4.7,—,N/A,, ,80,11.9,8,10,18,87,0,0,1,1,58,162,-4,30,1,321,272,54%,,,,,,,,,,
540,Mathieu Joseph,N,RW,149,STL,29,CA$3.0,-4.2,-0.1,-11.9,-4,—,N/A,, ,74,12.1,6,16,22,87,0,0,1,1,43,123,0,27,1,27,45,37%,,,,,,,,,,
541,Mitchell Chaffee,N,RW,150,T.B,28,CA$0.8,-4.2,-0.1,-11.9,-14.9,—,N/A,, ,67,11.2,10,7,17,65,2,3,0,0,25,128,4,18,2,3,7,27%,,,,,,,,,,
542,Yegor Chinakhov,N,"LW,RW",137,CBJ,25,CA$2.1,-3.8,-0.1,-12,-5.7,—,N/A,, ,64,14.6,15,17,32,124,2,4,0,0,27,75,-1,15,2,0,4,9%,,,,,,,,,,
543,Sean Kuraly,N,C,141,BOS,33,CA$1.9,-3.8,0,-12,-6.5,159,-384,, ,78,11.8,8,10,18,89,0,0,0,0,41,155,-4,36,1,324,309,51%,,,,,,,,,,
544,Sam Steel,N,C,142,DAL,28,CA$2.1,-3.9,0,-12,-5.7,—,N/A,, ,79,13.9,9,17,26,92,0,0,1,2,30,65,4,28,1,204,208,50%,,,,,,,,,,
545,Cody Glass,N,"C,RW",151,N.J,26,CA$2.5,-4.3,-0.1,-12,-4.8,—,N/A,, ,72,13.3,8,16,24,99,0,1,0,0,42,64,3,22,1,261,266,50%,,,,,,,,,,
546,J.T. Compher,N,C,143,DET,30,CA$5.1,-3.9,0,-12,-2.4,—,N/A,, ,80,15.9,13,22,35,99,3,7,1,1,58,42,-3,22,2,481,564,46%,,,,,,,,,,
547,Ondrej Palat,N,LW,138,N.J,35,CA$6.0,-3.9,-0.1,-12,-2,—,N/A,, ,76,12.1,11,13,24,86,0,1,0,0,48,98,3,17,2,3,13,18%,,,,,,,,,,
548,Kevin Stenlund,N,C,144,UTA,29,CA$2.0,-3.9,0,-12.1,-6,—,N/A,, ,79,13.4,12,10,22,94,0,0,1,1,55,67,-2,38,2,516,414,55%,,,,,,,,,,
549,Barclay Goodrow,N,C,145,S.J,33,CA$3.6,-3.9,0,-12.1,-3.3,—,N/A,, ,81,13.4,6,8,15,78,0,0,1,1,68,154,-11,58,1,171,191,47%,,,,,,,,,,
550,Jake Evans,N,C,146,MTL,29,CA$2.9,-3.9,0,-12.1,-4.2,—,N/A,, ,79,14.9,10,21,30,79,0,0,2,3,56,102,-1,22,1,540,490,52%,,,,,,,,,,
551,Steven Lorentz,N,"LW,RW",139,TOR,29,CA$1.4,-3.9,-0.1,-12.1,-9,—,N/A,, ,75,10.5,7,9,15,75,0,0,1,1,46,171,3,15,1,53,72,42%,,,,,,,,,,
552,Nick Bjugstad,N,C,148,STL,33,CA$1.8,-4,-0.1,-12.2,-7,—,N/A,, ,78,10.5,11,12,23,106,0,0,0,0,31,105,1,23,2,270,290,48%,,,,,,,,,,
553,Alex Kerfoot,N,"C,LW,RW",140,UTA,31,CA$3.0,-4,0,-12.2,-4.1,—,N/A,, ,82,14.4,11,19,29,99,0,1,1,2,63,65,-1,22,2,228,238,49%,,,,,,,,,,
554,Pontus Holmberg,N,RW,152,T.B,27,CA$1.6,-4.5,-0.1,-12.2,-7.9,—,N/A,, ,71,11.3,8,11,19,66,0,0,1,1,48,60,6,25,1,132,148,47%,,,,,,,,,,
555,Teddy Blueger,N,C,149,VAN,31,CA$1.8,-4.1,-0.1,-12.3,-6.8,—,N/A,, ,78,13.8,8,18,26,94,0,0,1,2,43,95,-1,30,1,465,437,52%,,,,,,,,,,
556,Jesper Boqvist,N,C,150,FLA,27,CA$1.5,-4.1,-0.1,-12.3,-8.2,—,N/A,, ,75,10.9,10,11,21,78,0,0,1,1,27,145,4,12,1,57,92,39%,,,,,,,,,,
557,Victor Olofsson,N,"LW,RW",141,UFA,30,CA$1.6,-4.1,-0.1,-12.3,-7.8,—,N/A,, ,72,13.2,16,14,30,121,3,6,0,0,23,42,0,15,2,1,6,11%,,,,,,,,,,
558,Drew O'Connor,N,LW,142,VAN,27,CA$2.5,-4.1,-0.1,-12.3,-4.9,—,N/A,, ,78,13.5,11,14,24,109,0,1,1,2,49,69,0,25,2,39,50,44%,,,,,,,,,,
559,Adam Gaudette,N,"C,RW",153,S.J,29,CA$2.0,-4.6,-0.1,-12.4,-6.2,—,N/A,, ,67,13.8,18,11,29,99,3,4,0,0,31,78,-4,20,2,188,193,49%,,,,,,,,,,
560,Josh Doan,N,RW,154,BUF,24,CA$0.9,-4.6,-0.1,-12.4,-13.4,—,N/A,, ,62,13.5,11,16,27,105,3,5,0,0,22,60,2,15,2,42,60,41%,,,,,,,,,,
561,Noah Cates,N,C,151,PHI,27,CA$4.0,-4.2,-0.1,-12.4,-3.1,—,N/A,, ,78,15.5,13,20,33,106,1,1,0,1,53,83,-3,14,2,425,565,43%,,,,,,,,,,
562,Curtis Lazar,N,C,152,EDM,31,CA$0.8,-4.2,-0.1,-12.4,-16,—,N/A,, ,71,10.4,5,9,13,53,0,0,0,0,38,150,5,23,1,245,243,50%,,,,,,,,,,
563,Kasperi Kapanen,N,RW,155,EDM,29,CA$1.3,-4.7,-0.1,-12.4,-9.5,—,N/A,, ,77,12.1,8,13,21,87,0,1,1,1,23,94,4,18,1,34,57,38%,,,,,,,,,,
564,Carl Grundstrom,N,RW,156,S.J,28,CA$1.8,-4.7,-0.1,-12.4,-6.9,—,N/A,, ,71,11,8,9,16,117,0,0,0,0,26,194,-7,23,1,4,7,36%,,,,,,,,,,
565,Brandon Saad,N,LW,143,VGK,33,CA$2.0,-4.3,-0.1,-12.5,-6.2,—,N/A,, ,79,12.5,15,14,29,113,1,2,0,0,21,24,5,14,3,8,12,39%,,,,,,,,,,
566,Logan O'Connor,N,RW,157,COL,29,CA$2.5,-4.7,-0.1,-12.5,-5,—,N/A,, ,62,14.1,9,11,20,75,0,0,1,2,38,60,4,25,1,17,32,34%,,,,,,,,,,
567,Miles Wood,N,LW,144,CBJ,30,CA$2.5,-4.3,-0.1,-12.5,-5,—,N/A,, ,72,10.4,7,11,19,112,0,0,0,0,27,91,-2,40,1,5,14,26%,,,,,,,,,,
568,Jason Dickinson,N,C,154,CHI,30,CA$4.3,-4.4,-0.1,-12.5,-2.9,—,N/A,, ,78,15,12,14,26,87,0,0,0,1,64,117,-8,30,2,520,537,49%,,,,,,,,,,
569,Jack Drury,N,C,155,COL,26,CA$1.7,-4.4,-0.1,-12.6,-7.3,—,N/A,, ,75,12.2,7,12,19,92,0,1,0,0,47,55,5,26,1,387,302,56%,,,,,,,,,,
570,Mark Jankowski,N,C,156,CAR,31,CA$0.8,-4.4,-0.1,-12.6,-15.7,—,N/A,, ,68,12.4,12,8,20,78,0,0,1,1,37,47,6,23,2,243,226,52%,,,,,,,,,,
571,Arseny Gritsyuk,N,RW,158,N.J,23,CA$0.9,-4.9,-0.1,-12.6,-13.6,—,N/A,, ,62,13,9,14,24,92,2,4,0,0,26,62,3,18,1,0,0,0%,,,,,,,,,,
572,Peyton Krebs,N,C,157,BUF,25,CA$1.5,-4.5,-0.1,-12.6,-8.7,—,N/A,, ,81,11.2,7,14,20,69,0,0,1,1,27,107,0,38,1,251,280,47%,,,,,,,,,,
573,Thomas Novak,N,C,158,PIT,28,CA$3.5,-4.6,-0.1,-12.7,-3.6,—,N/A,, ,72,14.3,18,21,39,122,3,8,0,0,36,24,-4,13,2,167,222,43%,,,,,,,,,,
574,Tanner Pearson,N,LW,145,WPG,33,CA$1.0,-4.7,-0.1,-12.9,-12.9,—,N/A,, ,71,11.9,9,13,22,96,0,0,0,0,40,82,1,20,2,6,18,25%,,,,,,,,,,
575,James Van Riemsdyk,N,LW,146,DET,36,CA$1.0,-4.7,-0.1,-12.9,-12.9,—,N/A,, ,76,12.5,12,20,32,99,2,3,0,0,22,47,-1,24,2,8,12,41%,,,,,,,,,,
576,Aatu Raty,,C,160,VAN,23,CA$0.8,-4.7,-0.1,-12.9,-16.6,—,N/A,, ,59,12.3,11,9,20,71,0,0,0,0,19,125,0,22,2,383,288,57%,,,,,,,,,,
577,Joel Armia,N,RW,159,L.A,32,CA$2.5,-5.2,-0.1,-12.9,-5.2,—,N/A,, ,76,11.9,11,11,22,91,0,0,1,1,32,74,0,22,2,3,8,27%,,,,,,,,,,
578,Lars Eller,N,C,161,OTT,36,CA$1.3,-4.8,-0.1,-12.9,-10.3,—,N/A,, ,82,11.7,9,11,20,100,0,0,0,1,36,62,0,29,2,367,331,53%,,,,,,,,,,
579,Mason Appleton,N,"C,RW",160,DET,30,CA$2.9,-5.2,-0.1,-12.9,-4.5,—,N/A,, ,76,12.8,10,15,25,107,0,0,0,0,31,82,-2,20,1,8,10,45%,,,,,,,,,,
580,Christian Dvorak,N,C,162,PHI,30,CA$5.4,-4.8,-0.1,-12.9,-2.4,—,N/A,, ,73,15.8,12,19,31,102,2,5,0,0,60,47,-4,16,2,533,436,55%,,,,,,,,,,
581,Tye Kartye,N,LW,147,SEA,24,CA$1.3,-4.8,-0.1,-13,-10.4,—,N/A,, ,76,9.7,8,8,15,72,0,0,1,1,31,185,-5,30,1,11,20,35%,,,,,,,,,,
582,Philip Tomasino,N,"C,RW",161,PIT,24,CA$1.8,-5.3,-0.1,-13,-7.4,—,N/A,, ,68,13.8,12,17,30,114,3,8,0,0,29,67,-5,17,1,7,16,31%,,,,,,,,,,
583,Jamie Benn,N,"C,LW",148,DAL,36,CA$1.0,-4.8,-0.1,-13,-13,—,N/A,, ,41,14.4,9,16,25,70,2,6,0,0,22,55,3,21,1,169,119,59%,,,,,,,,,,
584,Jonny Brodzinski,N,C,164,NYR,32,CA$0.8,-4.9,-0.1,-13,-16.5,—,N/A,, ,67,12.5,12,13,25,104,2,4,0,0,28,54,1,15,2,138,143,49%,,,,,,,,,,
585,Gage Goncalves,N,C,165,T.B,25,CA$1.2,-4.9,-0.1,-13.1,-10.9,—,N/A,, ,62,12.2,9,13,21,67,1,1,0,0,23,77,5,18,1,3,3,49%,,,,,,,,,,
586,Danton Heinen,N,LW,149,PIT,30,CA$2.3,-5,-0.1,-13.1,-5.8,—,N/A,, ,79,13.8,12,19,31,97,1,1,1,1,41,85,-5,24,1,16,25,39%,,,,,,,,,,
587,Cole Koepke,N,LW,150,WPG,27,CA$1.0,-5,-0.1,-13.2,-13.2,—,N/A,, ,64,10.9,8,7,15,71,0,0,0,0,24,143,3,15,1,0,2,0%,,,,,,,,,,
588,Connor Dewar,N,C,166,PIT,26,CA$1.1,-5,-0.1,-13.2,-12,—,N/A,, ,75,11.7,8,9,17,84,0,0,1,2,49,166,-6,26,1,134,165,45%,,,,,,,,,,
589,Connor Brown,N,RW,162,N.J,32,CA$3.0,-5.5,-0.1,-13.2,-4.4,—,N/A,,+,73,14.1,10,14,24,112,0,0,1,1,33,33,3,14,2,16,25,38%,,,,,,,,,,
590,Emil Heineman,N,LW,151,NYI,24,CA$1.1,-5,-0.1,-13.2,-12,—,N/A,, ,70,10.6,8,8,16,65,1,1,0,0,28,167,-2,20,1,1,7,14%,,,,,,,,,,
591,Andre Burakovsky,N,LW,152,CHI,31,CA$5.5,-5.1,-0.1,-13.2,-2.4,—,N/A,, ,74,15.7,13,24,37,127,2,7,0,0,28,39,-7,20,2,3,4,39%,,,,,,,,,,
592,Taylor Raddysh,N,RW,163,NYR,28,CA$1.5,-5.5,-0.1,-13.3,-8.8,—,N/A,, ,80,12.1,8,14,22,93,0,0,0,0,29,70,1,18,1,11,18,39%,,,,,,,,,,
593,Anthony Duclair,N,LW,153,NYI,30,CA$3.5,-5.1,-0.1,-13.3,-3.8,—,N/A,, ,68,13.9,14,12,26,95,3,7,0,0,29,46,-2,19,2,2,8,20%,,,,,,,,,,
594,Mattias Janmark,N,C,167,EDM,33,CA$1.5,-5.1,-0.1,-13.3,-9.2,—,N/A,, ,79,13.2,6,14,20,66,0,0,1,2,33,55,5,29,1,81,112,42%,,,,,,,,,,
595,Adam Klapka,N,RW,164,CGY,25,CA$1.3,-5.6,-0.1,-13.3,-10.7,—,N/A,, ,55,9.5,7,6,13,67,0,0,0,0,35,153,-3,22,1,9,20,32%,,,,,,,,,,
596,Alex Wennberg,N,C,170,S.J,31,CA$5.0,-5.3,-0.1,-13.4,-2.7,—,N/A,, ,81,17.9,12,24,36,91,2,5,0,0,77,41,-8,19,1,521,596,47%,,,,,,,,,,
597,Oskar Sundqvist,N,C,171,STL,32,CA$1.5,-5.3,-0.1,-13.5,-9,—,N/A,, ,76,12.1,5,14,19,66,0,1,0,1,51,86,0,29,1,218,283,44%,,,,,,,,,,
598,Ilya Mikheyev,N,RW,165,CHI,31,CA$4.8,-5.8,-0.1,-13.5,-2.8,—,N/A,, ,78,15,17,17,34,134,0,0,2,2,20,41,-6,14,2,2,12,17%,,,,,,,,,,
599,Ryan Poehling,N,C,172,ANA,27,CA$1.9,-5.4,-0.1,-13.6,-7.1,—,N/A,, ,76,13.5,11,17,28,87,0,0,1,3,82,47,-3,16,2,391,404,49%,,,,,,,,,,
600,Michael Carcone,N,LW,154,UTA,29,CA$0.8,-5.4,-0.1,-13.6,-17.5,—,N/A,, ,68,10.6,11,10,22,89,0,2,0,0,19,64,-1,26,2,4,7,38%,,,,,,,,,,
601,Elmer Soderblom,N,LW,155,DET,24,CA$1.1,-5.5,-0.1,-13.7,-12.1,—,N/A,, ,58,12.2,11,15,26,90,0,0,0,0,28,82,-1,17,2,7,21,26%,,,,,,,,,,
602,Colin Blackwell,N,C,173,DAL,33,CA$0.8,-5.5,-0.1,-13.7,-17.6,—,N/A,, ,71,11.5,7,9,16,76,0,0,1,2,29,94,4,16,1,130,140,48%,,,,,,,,,,
603,Ryan Lomberg,N,LW,156,CGY,31,CA$2.0,-5.5,-0.1,-13.7,-6.8,—,N/A,, ,81,8.7,5,7,12,73,0,0,0,0,22,135,-5,43,1,6,11,36%,,,,,,,,,,
604,Nicolas Deslauriers,N,LW,157,PHI,35,CA$1.8,-5.5,-0.1,-13.7,-7.8,—,N/A,, ,70,7.6,3,4,7,52,0,0,0,0,22,169,-4,44,0,3,6,33%,,,,,,,,,,
605,Blake Lizotte,N,C,174,PIT,28,CA$1.9,-5.6,-0.1,-13.7,-7.4,—,N/A,, ,75,12.6,10,13,23,78,0,0,1,1,39,85,-5,34,1,248,248,50%,,,,,,,,,,
606,Fedor Svechkov,N,C,175,NSH,22,CA$0.9,-5.6,-0.1,-13.7,-14.8,—,N/A,, ,70,14.2,12,14,26,95,2,5,0,0,36,59,-5,23,2,181,313,37%,,,,,,,,,,
607,Marcus Johansson,N,LW,158,MIN,35,CA$0.8,-5.6,-0.1,-13.8,-17.3,—,N/A,, ,80,12.9,10,16,26,101,1,2,0,1,26,47,1,15,2,6,16,28%,,,,,,,,,,
608,Nico Sturm,N,C,176,MIN,30,CA$2.0,-5.7,-0.1,-13.8,-6.9,—,N/A,, ,75,10.5,7,8,15,72,0,0,1,1,38,108,1,18,1,334,240,58%,,,,,,,,,,
609,Alex Turcotte,N,"C,LW",159,L.A,25,CA$0.8,-5.7,-0.1,-13.9,-17.9,—,N/A,, ,67,11.3,8,14,22,74,1,1,0,0,31,58,2,21,1,55,65,45%,,,,,,,,,,
610,Justin Brazeau,N,RW,167,PIT,28,CA$1.5,-6.2,-0.1,-13.9,-9.3,—,N/A,, ,69,12.6,9,10,20,82,2,3,0,0,37,119,-5,14,1,3,10,24%,,,,,,,,,,
611,Adam Edstrom,N,C,178,NYR,25,CA$1.0,-5.8,-0.1,-13.9,-14.3,—,N/A,, ,60,10.7,7,6,13,56,0,0,0,0,38,118,1,19,1,0,5,0%,,,,,,,,,,
612,Ty Dellandrea,N,C,179,S.J,25,CA$1.3,-5.9,-0.1,-14,-10.8,—,N/A,, ,74,11.9,4,10,15,66,0,0,0,1,44,149,-10,43,1,187,200,48%,,,,,,,,,,
613,Juuso Parssinen,N,C,180,NYR,25,CA$1.3,-5.9,-0.1,-14,-11.2,—,N/A,, ,67,10.4,7,10,17,52,1,2,0,0,32,110,0,18,1,121,152,44%,,,,,,,,,,
614,David Kampf,N,C,181,TOR,31,CA$2.4,-6,-0.1,-14.1,-5.9,—,N/A,, ,77,12.5,7,12,19,71,0,0,0,1,33,79,3,16,1,398,379,51%,,,,,,,,,,
615,Calle Jarnkrok,N,C,182,TOR,34,CA$2.1,-6.1,-0.1,-14.2,-6.8,—,N/A,, ,66,11.7,8,12,21,64,0,0,1,1,24,67,4,16,1,29,39,43%,,,,,,,,,,
616,Jakob Pelletier,N,"LW,RW",160,T.B,25,CA$0.8,-6.2,-0.1,-14.4,-18.6,—,N/A,, ,61,10.9,7,11,18,62,0,0,0,0,25,64,5,13,1,14,22,38%,,,,,,,,,,
617,Jonatan Berggren,N,RW,168,DET,25,CA$1.8,-6.8,-0.1,-14.5,-7.9,—,N/A,, ,70,13.1,11,13,24,84,2,4,0,0,19,43,-3,17,2,5,9,34%,,,,,,,,,,
618,Pierre Engvall,N,LW,161,NYI,29,CA$3.0,-6.4,-0.1,-14.5,-4.8,—,N/A,, ,77,11.8,10,11,21,109,0,0,0,0,18,52,-2,19,2,19,26,42%,,,,,,,,,,
619,Andrew Copp,N,"C,LW",162,DET,31,CA$5.6,-6.4,-0.1,-14.6,-2.6,—,N/A,, ,77,13.3,10,17,28,85,0,1,1,1,42,30,-2,18,1,415,391,51%,,,,,,,,,,
620,Sam Lafferty,N,"C,RW",169,CHI,31,CA$2.0,-6.9,-0.1,-14.6,-7.3,—,N/A,, ,77,10.1,8,8,16,68,0,0,1,1,26,130,-8,25,1,121,134,47%,,,,,,,,,,
621,John Beecher,N,C,184,BOS,24,CA$0.9,-6.7,-0.1,-14.8,-16.5,—,N/A,, ,74,11.1,6,7,13,49,0,0,0,0,58,107,-4,26,1,283,252,53%,,,,,,,,,,
622,Tomas Nosek,N,LW,163,FLA,33,CA$0.8,-6.7,-0.1,-14.9,-19.3,—,N/A,, ,70,9.2,3,8,11,58,0,0,0,1,29,94,4,17,0,262,219,54%,,,,,,,,,,
623,Hendrix Lapierre,N,C,186,WSH,24,CA$0.9,-7,-0.1,-15.2,-17.8,—,N/A,, ,64,11.2,7,15,22,59,0,0,0,0,37,59,0,13,1,113,182,38%,,,,,,,,,,
624,Fraser Minten,N,C,187,BOS,21,CA$0.8,-7.3,-0.1,-15.5,-18.9,—,N/A,, ,53,13.6,8,8,16,66,0,1,0,1,27,90,-3,15,1,203,239,46%,,,,,,,,,,
625,Ivan Ivan,N,C,188,COL,23,CA$0.8,-7.3,-0.1,-15.5,-18.3,—,N/A,, ,65,9.5,6,6,11,52,1,2,0,0,20,59,4,14,1,84,125,40%,,,,,,,,,,
626,Michael Misa,N,C,189,S.J,18,CA$0.9,-7.4,-0.2,-15.5,-17.2,—,N/A,, ,35,13,8,11,19,63,2,5,0,0,14,58,-4,24,1,68,102,40%,,,,,,,,,,
627,Frederick Gaudreau,N,C,190,SEA,32,CA$2.1,-7.4,-0.1,-15.6,-7.4,—,N/A,, ,80,12.9,10,13,23,91,1,1,0,1,52,50,-7,12,1,410,427,49%,,,,,,,,,,
628,Philipp Kurashev,N,"C,RW",170,S.J,26,CA$1.2,-8,-0.1,-15.7,-13.1,—,N/A,, ,74,13.6,10,15,25,84,1,2,0,0,31,42,-9,18,1,113,132,46%,,,,,,,,,,
629,Liam Ohgren,N,LW,164,MIN,22,CA$0.9,-7.5,-0.1,-15.7,-17.7,—,N/A,, ,53,11,5,7,13,66,1,2,0,0,25,79,0,12,1,0,1,0%,,,,,,,,,,
630,Matthew Poitras,N,C,191,BOS,22,CA$0.9,-7.8,-0.1,-15.9,-18.3,—,N/A,, ,62,12.8,7,16,23,64,0,1,0,0,23,40,-2,17,1,123,151,45%,,,,,,,,,,
631,Collin Graf,N,RW,171,S.J,23,CA$0.9,-8.3,-0.1,-16,-17,—,N/A,, ,56,15.5,8,10,18,69,1,2,1,2,30,48,-5,17,1,5,14,28%,,,,,,,,,,
632,Isac Lundestrom,N,C,193,CBJ,26,CA$1.3,-8.1,-0.1,-16.3,-12.5,—,N/A,, ,74,12.7,6,10,15,59,0,0,0,0,53,60,-2,11,1,362,418,46%,,,,,,,,,,
633,Rodrigo Abols,N,C,194,PHI,30,CA$0.8,-8.6,-0.1,-16.7,-20.9,—,N/A,, ,57,9.2,5,6,11,58,0,0,0,0,27,86,-3,13,1,172,122,58%,,,,,,,,,,
634,Oliver Kapanen,N,C,195,MTL,22,CA$0.9,-8.6,-0.2,-16.7,-18.1,—,N/A,, ,55,11.1,4,6,9,53,0,1,1,1,28,65,0,14,1,75,100,43%,,,,,,,,,,
635,Landon Slaggert,N,LW,165,CHI,23,CA$0.9,-8.6,-0.1,-16.8,-18.7,—,N/A,, ,58,12.2,6,9,15,60,0,0,0,0,25,53,-6,25,1,0,3,0%,,,,,,,,,,
636,Aleksander Barkov,N,C,196,FLA,30,CA$10.0,-13.4,-13.4,-21.6,-2.2,64.5,-571.5,, ,1,20.1,0,1,1,2,0,0,0,0,1,1,0,0,0,9,7,56%,,,,,,,,,,